index,name,birth,club,joined_date,place_of_birth,number,height,weight,position
0,Conor Coady,1993-02-25,England,2022-08-08,England,30,185,73,Defender
1,Fikayo Tomori,1997-12-19,England,2021-07-01,England,23,185,75,Defender
2,Harry Maguire,1993-03-05,England,2019-08-05,England,5,194,100,Defender
3,James Justin,1998-02-23,England,2019-06-28,England,2,183,80,Defender
4,John Stones,1994-05-28,England,2016-08-09,England,5,188,70,Defender
5,Kieran Trippier,1990-09-19,England,2022-01-07,England,2,178,71,Defender
6,Kyle Walker,1990-05-28,England,2017-07-14,England,2,178,70,Defender
7,Marc Guehi,2000-07-13,England,2021-07-18,England,6,182,82,Defender
8,Reece James,1999-12-08,England,2019-05-15,England,24,182,82,Defender
9,Trent Alexander-Arnold,1998-10-07,England,2015-07-01,England,66,175,69,Defender
10,Harry Kane,1993-07-28,England,2009-07-01,England,10,188,86,Forward
11,Jarrod Bowen,1996-12-20,England,2020-01-31,England,20,175,70,Forward
12,Raheem Sterling,1994-12-08,England,2022-07-13,England,17,170,69,Forward
13,Tammy Abraham,1997-10-02,England,2021-08-17,England,9,190,80,Forward
14,Aaron Ramsdale,1998-05-14,England,2021-08-20,England,1,188,77,Goalkeeper
15,Jordan Pickford,1994-03-07,England,2017-07-01,England,1,185,77,Goalkeeper
16,Nick Pope,1992-04-19,England,2022-06-23,England,22,191,76,Goalkeeper
17,Bukayo Saka,2001-09-05,England,2018-11-28,England,7,178,65,Midfielder
18,Conor Gallagher,2000-02-06,England,2021-07-27,England,23,182,0,Midfielder
19,Declan Rice,1999-01-14,England,2016-06-01,England,41,185,76,Midfielder
20,Jack Grealish,1995-09-10,England,2021-08-05,England,10,175,68,Midfielder
21,James Ward-Prowse,1994-11-01,England,2011-07-01,England,8,173,66,Midfielder
22,Jude Bellingham,2003-06-29,England,2020-07-23,England,22,186,75,Midfielder
23,Kalvin Phillips,1995-12-02,England,2022-07-04,England,4,178,72,Midfielder
24,Mason Mount,1999-01-10,England,2019-07-01,England,19,178,70,Midfielder
25,Phil Foden,2000-05-28,England,2016-12-05,England,47,171,70,Midfielder
26,Antonio Ruediger,1993-03-03,Germany,2022-07-01,Germany,22,190,85,Defender
27,Benjamin Henrichs,1997-02-23,Germany,2021-07-01,Germany,39,183,79,Defender
28,David Raum,1998-04-22,Germany,2022-07-31,Germany,22,180,75,Defender
29,Jonathan Tah,1996-02-11,Germany,2015-07-16,Germany,4,195,98,Defender
30,Lukas Klostermann,1996-06-03,Germany,2014-08-22,Germany,16,187,88,Defender
31,Nico Schlotterbeck,1999-12-01,Germany,2022-07-01,Germany,4,191,86,Defender
32,Niklas Suele,1995-09-03,Germany,2022-07-01,Germany,25,195,99,Defender
33,Thilo Kehrer,1996-09-21,Germany,2022-08-17,Germany,24,186,76,Defender
34,Jamal Musiala,2003-02-26,Germany,2020-06-12,Germany,42,180,68,Forward
35,Karim Adeyemi,2002-01-18,Germany,2022-07-01,Germany,27,180,68,Forward
36,Leroy Sane,1996-01-11,Germany,2020-07-15,Germany,10,183,80,Forward
37,Lukas Nmecha,1998-12-14,Germany,2021-07-16,Germany,10,185,80,Forward
38,Serge Gnabry,1995-07-14,Germany,2017-07-01,Germany,7,176,77,Forward
39,Thomas Mueller,1989-09-13,Germany,2008-07-01,Germany,25,185,76,Forward
40,Timo Werner,1996-03-06,Germany,2022-08-09,Germany,11,180,75,Forward
41,Kevin Trapp,1990-07-08,Germany,2019-08-07,Germany,1,189,88,Goalkeeper
42,Manuel Neuer,1986-03-27,Germany,2011-07-01,Germany,1,193,93,Goalkeeper
43,Oliver Baumann,1990-06-02,Germany,2014-07-01,Germany,1,187,82,Goalkeeper
44,Anton Stach,1998-11-15,Germany,2021-07-31,Germany,6,193,86,Midfielder
45,Ilkay Guendogan,1990-10-24,Germany,2016-07-01,Germany,8,180,80,Midfielder
46,Jonas Hofmann,1992-07-14,Germany,2016-01-01,Germany,23,176,73,Midfielder
47,Joshua Kimmich,1995-02-08,Germany,2015-07-01,Germany,6,177,75,Midfielder
48,Julian Brandt,1996-05-02,Germany,2019-07-01,Germany,19,185,83,Midfielder
49,Kai Havertz,1999-06-11,Germany,2020-09-04,Germany,29,188,83,Midfielder
50,Leon Goretzka,1995-02-06,Germany,2018-07-01,Germany,8,189,82,Midfielder
51,Marco Reus,1989-05-31,Germany,2012-07-01,Germany,11,180,71,Midfielder
52,Cesar Azpilicueta,1989-08-28,Spain,2012-08-24,Spain,28,178,76,Defender
53,Daniel Carvajal,1992-01-11,Spain,2013-07-01,Spain,2,173,73,Defender
54,Diego Llorente,1993-08-16,Spain,2020-09-24,Spain,14,186,75,Defender
55,Eric Garcia,2001-01-09,Spain,2021-07-01,Spain,24,182,76,Defender
56,Inigo Martinez,1991-05-17,Spain,2018-01-30,Spain,4,182,76,Defender
57,Jordi Alba,1989-03-21,Spain,2012-07-01,Spain,18,170,68,Defender
58,Marcos Alonso,1990-12-28,Spain,2022-09-02,Spain,17,188,84,Defender
59,Pau Torres,1997-01-16,Spain,2019-07-01,Spain,4,191,80,Defender
60,Alvaro Morata,1992-10-23,Spain,2020-08-04,Spain,19,190,84,Forward
61,Anssumane Fati,2002-10-31,Spain,2019-08-24,Spain,10,178,66,Forward
62,Ferran Torres,2000-02-29,Spain,2022-01-11,Spain,11,184,77,Forward
63,Marco Asensio,1996-01-21,Spain,2014-12-05,Spain,11,182,76,Forward
64,Raul de Tomas,1994-10-17,Spain,2020-01-09,Spain,11,180,72,Forward
65,David Raya Martin,1995-09-15,Spain,2019-07-06,Spain,1,183,80,Goalkeeper
66,Robert Sanchez,1997-11-18,Spain,2019-01-25,Spain,1,197,90,Goalkeeper
67,Unai Simon,1997-06-11,Spain,2016-01-10,Spain,1,190,88,Goalkeeper
68,Carlos Soler,1997-01-02,Spain,2022-09-01,Spain,28,180,76,Midfielder
69,Dani Olmo,1998-05-07,Spain,2020-01-25,Spain,7,179,72,Midfielder
70,Gavi,2004-08-05,Spain,2021-07-20,Spain,30,173,70,Midfielder
71,Koke,1992-01-08,Spain,2009-09-01,Spain,6,176,77,Midfielder
72,Marcos Llorente,1995-01-30,Spain,2019-07-01,Spain,14,184,74,Midfielder
73,Pablo Sarabia,1992-05-11,Spain,2019-07-02,Spain,19,174,70,Midfielder
74,Rodri,1996-06-22,Spain,2019-07-04,Spain,16,191,82,Midfielder
75,Sergio Busquets,1988-07-16,Spain,2008-07-29,Spain,5,189,76,Midfielder
76,David Carmo,1999-07-19,Portugal,2022-07-05,Portugal,4,194,76,Defender
77,Diogo Dalot,1999-03-18,Portugal,2018-06-08,Portugal,20,183,76,Defender
78,Domingos Duarte,1995-03-10,Portugal,2022-07-11,Portugal,6,192,80,Defender
79,Joao Cancelo,1994-05-27,Portugal,2019-08-07,Portugal,7,182,74,Defender
80,Nuno Mendes,2002-06-19,Portugal,2022-06-10,Portugal,25,176,70,Defender
81,Pepe,1983-02-26,Portugal,2019-01-08,Portugal,3,188,81,Defender
82,Raphael Guerreiro,1993-12-22,Portugal,2016-07-01,Portugal,13,170,71,Defender
83,Andre Silva,1995-11-06,Portugal,2021-07-02,Portugal,19,185,84,Forward
84,Cristiano Ronaldo,1985-02-05,Portugal,2021-08-31,Portugal,7,187,83,Forward
85,Diogo Jota,1996-12-04,Portugal,2020-09-19,Portugal,20,178,68,Forward
86,Goncalo Guedes,1996-11-29,Portugal,2022-08-08,Portugal,17,179,68,Forward
87,Rafael Leao,1999-06-10,Portugal,2019-08-01,Portugal,17,188,81,Forward
88,Ricardo Horta,1994-09-15,Portugal,2014-09-01,Portugal,Unknown,173,61,Forward
89,Diogo Costa,1999-09-19,Portugal,2018-07-01,Portugal,99,186,81,Goalkeeper
90,Rui Patricio,1988-02-15,Portugal,2021-07-13,Portugal,1,190,84,Goalkeeper
91,Rui Silva,1994-02-07,Portugal,2021-07-01,Portugal,13,191,91,Goalkeeper
92,Bernardo Silva,1994-08-10,Portugal,2017-07-01,Portugal,20,173,64,Midfielder
93,Bruno Fernandes,1994-09-08,Portugal,2020-01-30,Portugal,8,179,69,Midfielder
94,Danilo Pereira,1991-09-09,Portugal,2021-07-01,Portugal,15,188,83,Midfielder
95,Joao Moutinho,1986-09-08,Portugal,2018-07-24,Portugal,28,170,61,Midfielder
96,Joao Palhinha,1995-07-09,Portugal,2022-07-04,Portugal,26,190,85,Midfielder
97,Matheus Nunes,1998-08-27,Portugal,2022-08-18,Portugal,27,183,76,Midfielder
98,Otavio,1995-02-09,Portugal,2014-09-01,Portugal,25,171,65,Midfielder
99,Ruben Neves,1997-03-13,Portugal,2017-07-08,Portugal,8,180,80,Midfielder
100,Vitor Ferreira,2000-02-13,Portugal,2022-07-01,Portugal,17,172,64,Midfielder
101,William Carvalho,1992-04-07,Portugal,2018-07-13,Portugal,14,187,79,Midfielder
102,Arthur Theate,2000-05-25,Belgium,2022-07-29,Belgium,5,0,0,Defender
103,Brandon Mechele,1993-01-28,Belgium,2012-07-01,Belgium,44,190,81,Defender
104,Dedryck Boyata,1990-11-28,Belgium,2022-08-22,Belgium,28,188,84,Defender
105,Jan Vertonghen,1987-04-24,Belgium,2007-05-01,Belgium,Unknown,189,79,Defender
106,Jason Denayer,1995-06-28,Belgium,2014-10-07,Belgium,Unknown,184,70,Defender
107,Thomas Foket,1994-09-25,Belgium,2018-08-31,Belgium,32,177,72,Defender
108,Thomas Meunier,1991-09-12,Belgium,2020-07-01,Belgium,24,191,90,Defender
109,Timothy Castagne,1995-12-05,Belgium,2020-09-03,Belgium,27,185,80,Defender
110,Toby Alderweireld,1989-03-02,Belgium,2009-07-01,Belgium,Unknown,186,81,Defender
111,Wout Faes,1998-04-03,Belgium,2022-09-01,Belgium,Unknown,187,84,Defender
112,Eden Hazard,1991-01-07,Belgium,2019-07-01,Belgium,7,175,74,Forward
113,Leandro Trossard,1994-12-04,Belgium,2019-06-26,Belgium,11,171,61,Forward
114,Lois Openda,2000-02-16,Belgium,2022-07-06,Belgium,11,175,0,Forward
115,Michy Batshuayi,1993-10-02,Belgium,2014-05-12,Belgium,Unknown,184,76,Forward
116,Romelu Lukaku,1993-05-13,Belgium,2022-07-01,Belgium,90,190,93,Forward
117,Koen Casteels,1992-06-25,Belgium,2015-07-01,Belgium,1,197,78,Goalkeeper
118,Matz Sels,1992-02-26,Belgium,2018-07-26,Belgium,1,188,75,Goalkeeper
119,Simon Mignolet,1988-03-06,Belgium,2019-08-05,Belgium,22,193,87,Goalkeeper
120,Thibaut Courtois,1992-05-11,Belgium,2018-08-08,Belgium,1,200,96,Goalkeeper
121,Adnan Januzaj,1995-02-05,Belgium,2022-08-31,Belgium,11,186,76,Midfielder
122,Alexis Saelemaekers,1999-06-27,Belgium,2020-09-01,Belgium,56,180,72,Midfielder
123,Amadou Mvom Onana,2001-08-16,Belgium,2022-08-09,Belgium,8,192,76,Midfielder
124,Axel Witsel,1989-01-12,Belgium,2022-07-06,Belgium,20,186,81,Midfielder
125,Charles De Ketelaere,2001-03-10,Belgium,2022-08-02,Belgium,90,192,74,Midfielder
126,Dennis Praet,1994-05-14,Belgium,2019-08-08,Belgium,26,181,78,Midfielder
127,Dries Mertens,1987-05-06,Belgium,2010-10-01,Belgium,14,169,61,Midfielder
128,Hans Vanaken,1992-08-24,Belgium,2015-06-22,Belgium,20,195,77,Midfielder
129,Leander Dendoncker,1995-04-15,Belgium,2022-09-01,Belgium,32,188,83,Midfielder
130,Thorgan Hazard,1993-03-29,Belgium,2019-07-01,Belgium,10,175,71,Midfielder
131,Yannick Carrasco,1993-09-04,Belgium,2020-09-08,Belgium,21,185,73,Midfielder
132,Youri Tielemans,1997-05-07,Belgium,2019-07-08,Belgium,8,176,72,Midfielder
133,Mikael Lustig,1986-12-13,Sweden,2008-07-01,Sweden,2,189,78,Defender
134,Emil Krafth,1994-08-02,Sweden,2019-08-08,Sweden,17,184,83,Defender
135,Filip Helander,1993-04-22,Sweden,2019-07-13,Sweden,5,192,81,Defender
136,Ludwig Augustinsson,1994-04-21,Sweden,2022-07-11,Sweden,17,181,74,Defender
137,Marcus Danielson,1989-04-08,Sweden,2019-10-07,Sweden,Unknown,192,80,Defender
138,Pierre Bengtsson,1988-04-12,Sweden,2011-01-18,Sweden,5,175,77,Defender
139,Pontus Jansson,1991-02-13,Sweden,2019-07-08,Sweden,18,194,89,Defender
140,Victor Lindeloef,1994-07-17,Sweden,2017-07-01,Sweden,2,187,80,Defender
141,Alexander Isak,1999-09-21,Sweden,2022-08-26,Sweden,14,192,77,Forward
142,Emil Forsberg,1991-10-23,Sweden,2015-01-07,Sweden,10,177,76,Forward
143,Jordan Larsson,1997-06-20,Sweden,2022-08-05,Sweden,7,175,69,Forward
144,Marcus Berg,1986-08-17,Sweden,2007-07-01,Sweden,9,184,75,Forward
145,Robin Quaison,1993-10-09,Sweden,2013-01-20,Sweden,Unknown,183,76,Forward
146,Karl-Johan Johnsson,1990-01-28,Sweden,2019-07-12,Sweden,21,188,84,Goalkeeper
147,Kristoffer Nordfeldt,1989-06-23,Sweden,2011-01-01,Sweden,Unknown,190,85,Goalkeeper
148,Robin Olsen,1990-01-08,Sweden,2022-06-10,Sweden,25,198,89,Goalkeeper
149,Albin Ekdal,1989-07-28,Sweden,2022-07-13,Sweden,8,186,75,Midfielder
150,Dejan Kulusevski,2000-04-25,Sweden,2022-01-31,Sweden,21,186,80,Midfielder
151,Gustav Svensson,1987-02-07,Sweden,2009-01-23,Sweden,13,184,83,Midfielder
152,Jens Cajuste,1999-08-10,Sweden,2022-01-10,Sweden,8,188,77,Midfielder
153,Ken Sema,1993-09-30,Sweden,2018-07-05,Sweden,12,180,69,Midfielder
154,Kristoffer Olsson,1995-06-30,Sweden,2017-01-04,Sweden,Unknown,178,70,Midfielder
155,Sebastian Larsson,1985-06-06,Sweden,2007-10-01,Sweden,7,178,70,Midfielder
156,Viktor Claesson,1992-01-02,Sweden,2022-03-30,Sweden,7,183,79,Midfielder
157,Aleksa Terzic,1999-08-17,Serbia,2019-07-01,Serbia,15,184,79,Defender
158,Filip Mladenovic,1995-08-15,Serbia,2012-05-01,Serbia,Unknown,180,65,Defender
159,Matija Nastasic,1993-03-28,Serbia,2022-09-01,Serbia,2,188,83,Defender
160,Mihailo Ristic,1995-10-31,Serbia,2022-07-01,Serbia,23,180,79,Defender
161,Milos Veljkovic,1995-09-26,Serbia,2016-02-01,Serbia,13,188,85,Defender
162,Nikola Milenkovic,1997-10-12,Serbia,2017-07-01,Serbia,4,195,90,Defender
163,Stefan Mitrovic,1990-05-22,Serbia,2021-07-06,Serbia,23,189,84,Defender
164,Strahinja Erakovic,2001-01-22,Serbia,2022-05-20,Serbia,Unknown,184,78,Defender
165,Strahinja Pavlovic,2001-05-24,Serbia,2022-07-01,Serbia,31,194,86,Defender
166,Aleksandar Mitrovic,1994-09-16,Serbia,2018-07-30,Serbia,9,189,90,Forward
167,Djordje Jovanovic,1999-02-15,Serbia,2022-05-20,Serbia,Unknown,185,79,Forward
168,Dusan Tadic,1988-11-20,Serbia,2018-07-03,Serbia,10,181,76,Forward
169,Luka Jovic,1997-12-23,Serbia,2022-07-08,Serbia,7,182,85,Forward
170,Marko Dmitrovic,1992-01-24,Serbia,2021-07-04,Serbia,1,194,94,Goalkeeper
171,Marko Ilic,1998-02-03,Serbia,2021-06-04,Serbia,Unknown,191,81,Goalkeeper
172,Predrag Rajkovic,1995-10-31,Serbia,2022-07-22,Serbia,1,191,85,Goalkeeper
173,Vanja Milinkovic-Savic,1997-02-20,Serbia,2017-07-01,Serbia,32,202,92,Goalkeeper
174,Andrija Zivkovic,1996-07-11,Serbia,2013-10-01,Serbia,Unknown,169,66,Midfielder
175,Darko Lazovic,1990-09-15,Serbia,2019-08-06,Serbia,8,181,66,Midfielder
176,Erhan Masovic,1998-11-22,Serbia,2020-10-05,Serbia,4,189,82,Midfielder
177,Filip Djuricic,1992-01-30,Serbia,2022-08-01,Serbia,7,181,72,Midfielder
178,Filip Kostic,1992-11-01,Serbia,2022-08-11,Serbia,17,184,84,Midfielder
179,Ivan Ilic,2001-03-17,Serbia,2021-08-12,Serbia,14,185,78,Midfielder
180,Marko Grujic,1996-04-13,Serbia,2021-07-20,Serbia,16,191,86,Midfielder
181,Nemanja Gudelj,1991-11-16,Serbia,2019-07-23,Serbia,6,187,81,Midfielder
182,Nemanja Maksimovic,1995-01-26,Serbia,2018-07-16,Serbia,20,189,78,Midfielder
183,Nemanja Radonjic,1996-02-15,Serbia,2022-07-07,Serbia,49,185,77,Midfielder
184,Sasa Lukic,1996-08-13,Serbia,2016-07-29,Serbia,10,183,77,Midfielder
185,Sergej Milinkovic-Savic,1995-02-27,Serbia,2015-08-07,Serbia,21,191,76,Midfielder
186,Uros Racic,1998-03-17,Serbia,2021-03-03,Serbia,Unknown,193,81,Midfielder
187,Benjamin Pavard,1996-03-28,France,2019-07-01,France,5,186,81,Defender
188,Ibrahima Konate,1999-05-25,France,2021-07-01,France,5,194,95,Defender
189,Jonathan Clauss,1992-09-25,France,2022-07-20,France,7,178,69,Defender
190,Jules Kounde,1998-11-12,France,2022-06-28,France,23,178,70,Defender
191,Lucas Digne,1993-07-20,France,2022-01-13,France,27,178,74,Defender
192,Presnel Kimpembe,1995-08-13,France,2014-08-01,France,3,183,77,Defender
193,Theo Hernandez,1997-10-06,France,2019-07-06,France,19,184,81,Defender
194,William Saliba,2001-03-24,France,2019-07-25,France,12,192,83,Defender
195,Antoine Griezmann,1991-03-21,France,2021-08-31,France,8,176,73,Forward
196,Christopher Nkunku,1997-11-14,France,2019-07-18,France,18,175,73,Forward
197,Karim Benzema,1987-12-19,France,2009-07-09,France,9,185,81,Forward
198,Kingsley Coman,1996-06-13,France,2015-08-30,France,11,180,76,Forward
199,Kylian Mbappe,1998-12-20,France,2018-07-01,France,7,178,73,Forward
200,Moussa Diaby,1999-07-07,France,2019-07-01,France,19,170,68,Forward
201,Wissam Ben Yedder,1990-08-12,France,2019-08-14,France,10,170,68,Forward
202,Alphonse Areola,1993-02-27,France,2022-07-01,France,13,195,94,Goalkeeper
203,Hugo Lloris,1986-12-26,France,2012-08-31,France,1,188,82,Goalkeeper
204,Mike Maignan,1995-07-03,France,2021-07-01,France,16,191,89,Goalkeeper
205,Adrien Rabiot,1995-04-03,France,2019-07-01,France,25,188,71,Midfielder
206,Aurelien Tchouameni,2000-01-27,France,2022-07-01,France,18,185,80,Midfielder
207,Boubacar Kamara,1999-11-23,France,2022-06-11,France,44,184,68,Midfielder
208,Matteo Guendouzi,1999-04-14,France,2022-06-10,France,6,185,68,Midfielder
209,Andreas Christensen,1996-04-10,Denmark,2022-07-04,Denmark,15,187,82,Defender
210,Jannik Vestergaard,1992-08-03,Denmark,2021-08-13,Denmark,23,199,98,Defender
211,Jens Stryger Larsen,1991-02-21,Denmark,2013-08-01,Denmark,Unknown,180,81,Defender
212,Joachim Andersen,1996-05-31,Denmark,2021-07-28,Denmark,16,192,90,Defender
213,Joakim Maehle,1997-05-20,Denmark,2021-01-04,Denmark,3,185,79,Defender
214,Nicolai Boilesen,1992-02-16,Denmark,2016-08-25,Denmark,20,186,79,Defender
215,Rasmus Kristensen,1997-07-11,Denmark,2022-07-01,Denmark,25,187,70,Defender
216,Victor Nelsson,1998-10-14,Denmark,2019-06-05,Denmark,Unknown,185,78,Defender
217,Andreas Cornelius,1993-03-16,Denmark,2022-08-31,Denmark,14,193,91,Forward
218,Andreas Skov Olsen,1999-12-29,Denmark,2022-01-28,Denmark,7,187,79,Forward
219,Jonas Wind,1999-02-07,Denmark,2022-01-31,Denmark,23,190,82,Forward
220,Martin Braithwaite,1991-06-05,Denmark,2022-09-01,Denmark,17,177,73,Forward
221,Robert Skov,1996-05-20,Denmark,2019-07-28,Denmark,29,185,81,Forward
222,Yussuf Poulsen,1994-06-15,Denmark,2013-07-04,Denmark,9,192,84,Forward
223,Daniel Iversen,1997-07-19,Denmark,2019-07-15,Denmark,31,193,80,Goalkeeper
224,Kasper Schmeichel,1986-11-05,Denmark,2022-08-03,Denmark,1,189,89,Goalkeeper
225,Peter Vindahl,1998-02-16,Denmark,2019-05-01,Denmark,Unknown,195,89,Goalkeeper
226,Christian Eriksen,1992-02-14,Denmark,2022-07-15,Denmark,14,182,76,Midfielder
227,Daniel Wass,1989-05-31,Denmark,2010-11-01,Denmark,Unknown,181,74,Midfielder
228,Mathias Jensen,1996-01-01,Denmark,2019-07-10,Denmark,8,180,68,Midfielder
229,Mikkel Damsgaard,2000-07-03,Denmark,2022-08-10,Denmark,24,176,66,Midfielder
230,Morten Hjulmand,1999-06-25,Denmark,2021-01-16,Denmark,42,185,73,Midfielder
231,Philip Billing,1996-06-11,Denmark,2019-07-29,Denmark,29,193,83,Midfielder
232,Pierre-Emile Hojbjerg,1995-08-05,Denmark,2020-08-11,Denmark,5,187,84,Midfielder
233,Thomas Delaney,1991-09-03,Denmark,2021-08-25,Denmark,18,182,79,Midfielder
234,Eray Coemert,1998-02-04,Switzerland,2022-01-25,Switzerland,24,183,80,Defender
235,Fabian Schaer,1991-12-20,Switzerland,2018-07-26,Switzerland,5,188,84,Defender
236,Jordan Lotomba,1998-09-29,Switzerland,2020-08-03,Switzerland,23,177,71,Defender
237,Kevin Mbabu,1995-04-19,Switzerland,2022-07-27,Switzerland,27,184,83,Defender
238,Leonidas Stergiou,2002-03-03,Switzerland,2022-06-09,Switzerland,Unknown,180,70,Defender
239,Manuel Akanji,1995-07-19,Switzerland,2022-09-01,Switzerland,25,188,91,Defender
240,Nico Elvedi,1996-09-30,Switzerland,2015-07-01,Switzerland,30,189,81,Defender
241,Ricardo Rodriguez,1992-08-25,Switzerland,2020-09-01,Switzerland,13,181,78,Defender
242,Silvan Widmer,1993-03-05,Switzerland,2021-07-09,Switzerland,30,183,79,Defender
243,Breel Embolo,1997-02-14,Switzerland,2022-07-15,Switzerland,36,187,88,Forward
244,Haris Seferovic,1992-02-22,Switzerland,2013-02-01,Switzerland,Unknown,189,85,Forward
245,Mario Gavranovic,1989-11-24,Switzerland,2011-03-17,Switzerland,Unknown,175,76,Forward
246,Mattia Bottani,1991-05-24,Switzerland,2022-05-24,Switzerland,Unknown,170,64,Forward
247,Noah Okafor,2000-05-24,Switzerland,2020-01-31,Switzerland,77,185,85,Forward
248,Zeki Amdouni,2000-12-04,Switzerland,2022-06-09,Switzerland,Unknown,185,79,Forward
249,Gregor Kobel,1997-12-06,Switzerland,2021-07-01,Switzerland,1,195,88,Goalkeeper
250,Jonas Omlin,1994-01-10,Switzerland,2020-08-12,Switzerland,1,189,80,Goalkeeper
251,Yann Sommer,1988-12-17,Switzerland,2014-07-01,Switzerland,1,183,79,Goalkeeper
252,Yvon Mvogo,1994-06-06,Switzerland,2022-07-13,Switzerland,38,188,88,Goalkeeper
253,Djibril Sow,1997-02-06,Switzerland,2019-07-01,Switzerland,8,184,77,Midfielder
254,Fabian Frei,1989-01-08,Switzerland,2011-08-29,Switzerland,Unknown,183,80,Midfielder
255,Granit Xhaka,1992-09-27,Switzerland,2016-07-01,Switzerland,34,186,80,Midfielder
256,Michel Aebischer,1997-01-06,Switzerland,2022-07-01,Switzerland,20,185,76,Midfielder
257,Remo Freuler,1992-04-15,Switzerland,2022-08-14,Switzerland,23,180,80,Midfielder
258,Renato Steffen,1991-11-03,Switzerland,2015-10-01,Switzerland,Unknown,170,65,Midfielder
259,Ruben Vargas,1998-08-05,Switzerland,2019-07-01,Switzerland,16,179,68,Midfielder
260,Steven Zuber,1991-08-17,Switzerland,2013-09-01,Switzerland,Unknown,182,79,Midfielder
261,Xherdan Shaqiri,1991-10-10,Switzerland,2010-02-26,Switzerland,Unknown,169,72,Midfielder
262,Ari Freyr Skulason,1987-05-14,Iceland,2012-05-21,Iceland,Unknown,170,65,Defender
263,Birkir Saevarsson,1984-11-11,Iceland,2007-05-01,Iceland,Unknown,187,74,Defender
264,Hoerdur Bjorgvin Magnusson,1993-02-11,Iceland,2014-11-01,Iceland,Unknown,191,81,Defender
265,Holmar Oern Eyjolfsson,1990-08-06,Iceland,2012-05-21,Iceland,Unknown,190,86,Defender
266,Kari Arnason,1982-10-13,Iceland,2002-08-01,Iceland,Unknown,190,87,Defender
267,Ragnar Sigurdsson,1986-06-19,Iceland,2007-05-28,Iceland,Unknown,187,77,Defender
268,Sverrir Ingi Ingason,1993-08-05,Iceland,2014-01-20,Iceland,Unknown,188,75,Defender
269,Albert Gudmundsson,1997-06-15,Iceland,2022-01-31,Iceland,11,177,80,Forward
270,Alfred Finnbogason,1989-02-01,Iceland,2016-07-01,Iceland,27,184,80,Forward
271,Bjoern Sigurdarson,1991-02-26,Iceland,2011-09-01,Iceland,Unknown,186,81,Forward
272,Jon Dadi Boedvarsson,1992-05-25,Iceland,2012-11-01,Iceland,Unknown,190,85,Forward
273,Frederik August Schram,1995-01-19,Iceland,2015-11-11,Iceland,Unknown,198,92,Goalkeeper
274,Hannes Thor Halldorsson,1984-04-27,Iceland,2011-08-29,Iceland,Unknown,194,89,Goalkeeper
275,Runar Runarsson,1995-02-18,Iceland,2020-09-21,Iceland,13,186,78,Goalkeeper
276,Arnor Ingvi Traustason,1993-04-30,Iceland,2015-11-11,Iceland,Unknown,182,71,Midfielder
277,Aron Gunnarsson,1989-04-22,Iceland,2008-05-01,Iceland,Unknown,178,70,Midfielder
278,Birkir Bjarnason,1988-05-27,Iceland,2020-01-18,Iceland,31,183,75,Midfielder
279,Emil Hallfredsson,1984-06-29,Iceland,2002-08-01,Iceland,Unknown,185,83,Midfielder
280,Gylfi Sigurdsson,1989-09-08,Iceland,2017-08-16,Iceland,10,186,79,Midfielder
281,Johann Berg Gudmundsson,1990-10-27,Iceland,2016-07-19,Iceland,7,186,78,Midfielder
282,Olafur Skulason,1983-04-01,Iceland,2007-08-31,Iceland,16,183,82,Midfielder
283,Rurik Gislason,1988-02-25,Iceland,2009-09-01,Iceland,Unknown,184,74,Midfielder
284,Samuel Kari Fridjonsson,1996-02-22,Iceland,2020-01-18,Iceland,6,186,76,Midfielder
285,Bartosz Bereszynski,1992-07-12,Poland,2017-01-04,Poland,24,183,77,Defender
286,Jakub Kiwior,2000-02-15,Poland,2021-08-31,Poland,14,189,75,Defender
287,Jan Bednarek,1996-04-12,Poland,2022-09-01,Poland,20,189,77,Defender
288,Kamil Glik,1988-02-03,Poland,2010-01-01,Poland,Unknown,190,80,Defender
289,Kamil Pestka,1998-08-22,Poland,2022-05-16,Poland,Unknown,189,67,Defender
290,Marcin Kaminski,1992-01-15,Poland,2021-07-01,Poland,35,192,84,Defender
291,Mateusz Wieteska,1997-02-11,Poland,2022-07-25,Poland,4,187,77,Defender
292,Matthew Cash,1997-08-07,Poland,2020-09-03,Poland,2,185,0,Defender
293,Robert Gumny,1998-06-04,Poland,2020-09-02,Poland,2,182,71,Defender
294,Tomasz Kedziora,1994-06-11,Poland,2015-06-01,Poland,Unknown,183,73,Defender
295,Tymoteusz Puchacz,1999-01-23,Poland,2021-07-01,Poland,26,180,81,Defender
296,Adam Buksa,1996-07-12,Poland,2022-06-22,Poland,9,191,78,Forward
297,Arkadiusz Milik,1994-02-28,Poland,2022-08-26,Poland,14,186,80,Forward
298,Karol Swiderski,1997-01-23,Poland,2021-03-15,Poland,Unknown,184,77,Forward
299,Krzysztof Piatek,1995-07-01,Poland,2022-09-01,Poland,99,183,77,Forward
300,Nicola Zalewski,2002-01-23,Poland,2020-09-18,Poland,59,164,0,Forward
301,Robert Lewandowski,1988-08-21,Poland,2022-07-19,Poland,9,185,81,Forward
302,Bartlomiej Dragowski,1997-08-19,Poland,2022-08-11,Poland,69,191,74,Goalkeeper
303,Kamil Grabara,1999-01-08,Poland,2021-07-03,Poland,1,195,80,Goalkeeper
304,Lukasz Skorupski,1991-05-05,Poland,2018-07-01,Poland,28,187,84,Goalkeeper
305,Wojciech Szczesny,1990-04-18,Poland,2017-07-19,Poland,1,195,90,Goalkeeper
306,Damian Szymanski,1995-06-16,Poland,2018-08-27,Poland,Unknown,182,77,Midfielder
307,Grzegorz Krychowiak,1990-01-29,Poland,2011-02-01,Poland,Unknown,186,83,Midfielder
308,Jacek Goralski,1992-09-21,Poland,2022-07-01,Poland,5,172,66,Midfielder
309,Jakub Kaminski,2002-06-05,Poland,2022-07-01,Poland,16,179,71,Midfielder
310,Kamil Grosicki,1988-06-08,Poland,2009-10-01,Poland,Unknown,180,78,Midfielder
311,Kamil Jozwiak,1998-04-22,Poland,2019-11-04,Poland,Unknown,176,70,Midfielder
312,Karol Linetty,1995-02-02,Poland,2020-09-01,Poland,77,176,73,Midfielder
313,Konrad Michalak,1997-09-19,Poland,2022-03-01,Poland,Unknown,176,61,Midfielder
314,Krystian Bielik,1998-01-04,Poland,2019-08-26,Poland,Unknown,189,78,Midfielder
315,Mateusz Klich,1990-06-13,Poland,2017-06-23,Poland,43,183,84,Midfielder
316,Patryk Kun,1995-04-20,Poland,2022-03-01,Poland,Unknown,165,54,Midfielder
317,Piotr Zielinski,1994-05-20,Poland,2016-08-04,Poland,20,180,75,Midfielder
318,Przemyslaw Frankowski,1995-04-12,Poland,2021-08-05,Poland,29,176,70,Midfielder
319,Przemyslaw Placheta,1998-03-23,Poland,2020-11-09,Poland,Unknown,177,72,Midfielder
320,Sebastian Szymanski,1999-05-10,Poland,2018-05-11,Poland,Unknown,174,58,Midfielder
321,Szymon Zurkowski,1997-09-25,Poland,2019-01-28,Poland,27,185,77,Midfielder
322,Borna Barisic,1992-11-10,Croatia,2018-08-07,Croatia,31,186,80,Defender
323,Borna Sosa,1998-01-21,Croatia,2018-07-01,Croatia,24,187,79,Defender
324,Domagoj Vida,1989-04-29,Croatia,2010-05-01,Croatia,Unknown,184,76,Defender
325,Duje Caleta-Car,1996-09-17,Croatia,2022-09-01,Croatia,6,192,89,Defender
326,Josip Juranovic,1995-08-16,Croatia,2021-07-01,Croatia,88,175,68,Defender
327,Josip Stanisic,2000-04-02,Croatia,2021-04-09,Croatia,44,186,77,Defender
328,Josip Sutalo,2000-02-28,Croatia,2019-10-29,Croatia,37,0,0,Defender
329,Josko Gvardiol,2002-01-23,Croatia,2021-07-01,Croatia,32,185,80,Defender
330,Marin Pongracic,1997-09-11,Croatia,2022-08-22,Croatia,Unknown,190,95,Defender
331,Martin Erlic,1998-01-24,Croatia,2021-08-31,Croatia,28,192,78,Defender
332,Sime Vrsaljko,1992-01-10,Croatia,2010-11-02,Croatia,Unknown,181,76,Defender
333,Andrej Kramaric,1991-06-19,Croatia,2016-07-01,Croatia,27,177,73,Forward
334,Ante Budimir,1991-07-22,Croatia,2021-07-01,Croatia,17,190,75,Forward
335,Mislav Orsic,1992-12-29,Croatia,2018-07-01,Croatia,99,179,69,Forward
336,Dominik Livakovic,1995-01-09,Croatia,2015-08-31,Croatia,40,187,79,Goalkeeper
337,Ivica Ivusic,1995-02-01,Croatia,2021-08-16,Croatia,Unknown,0,0,Goalkeeper
338,Nediljko Labrovic,1999-10-10,Croatia,2022-05-01,Croatia,Unknown,0,0,Goalkeeper
339,Josip Brekalo,1998-06-23,Croatia,2018-01-01,Croatia,14,175,70,Midfielder
340,Kristijan Jakic,1997-05-14,Croatia,2022-07-01,Croatia,6,181,75,Midfielder
341,Lovro Majer,1998-01-17,Croatia,2021-08-26,Croatia,21,179,75,Midfielder
342,Luka Ivanusec,1998-11-26,Croatia,2019-08-30,Croatia,7,175,76,Midfielder
343,Luka Modric,1985-09-09,Croatia,2012-08-27,Croatia,10,172,66,Midfielder
344,Luka Sucic,2002-09-08,Croatia,2019-07-11,Croatia,21,185,71,Midfielder
345,Marcelo Brozovic,1992-11-16,Croatia,2016-07-01,Croatia,77,181,68,Midfielder
346,Mario Pasalic,1995-02-09,Croatia,2020-09-01,Croatia,88,188,82,Midfielder
347,Mateo Kovacic,1994-05-06,Croatia,2019-07-01,Croatia,8,178,78,Midfielder
348,Nikola Vlasic,1997-10-04,Croatia,2022-08-11,Croatia,16,178,72,Midfielder
349,Andrey Semenov,1989-03-24,Russia,2014-05-12,Russia,5,190,86,Defender
350,Fyodor Kudryashov,1987-04-05,Russia,2016-08-01,Russia,Unknown,181,81,Defender
351,Giorgi Jikia,1993-11-21,Russia,2016-11-01,Russia,Unknown,188,86,Defender
352,Igor Diveev,1999-09-27,Russia,2020-11-02,Russia,Unknown,193,85,Defender
353,Mario Fernandes,1990-09-19,Russia,2016-08-01,Russia,Unknown,189,80,Defender
354,Roman Evgeniev,1999-02-23,Russia,2020-11-02,Russia,24,192,82,Defender
355,Vyacheslav Karavaev,1995-05-20,Russia,2019-09-02,Russia,15,175,70,Defender
356,Alexander Sobolev,1997-03-07,Russia,2019-10-07,Russia,9,195,85,Forward
357,Anton Zabolotny,1991-06-13,Russia,2017-10-02,Russia,Unknown,191,84,Forward
358,Artem Dzyuba,1988-08-22,Russia,2015-07-01,Russia,22,196,91,Forward
359,Rifat Zhemaletdinov,1996-09-20,Russia,2019-09-30,Russia,Unknown,184,80,Forward
360,Anton Shunin,1987-01-27,Russia,2007-08-27,Russia,1,191,79,Goalkeeper
361,Matvey Safonov,1999-02-25,Russia,2020-10-10,Russia,Unknown,192,82,Goalkeeper
362,Yuri Dyupin,1988-03-17,Russia,2021-03-15,Russia,Unknown,187,84,Goalkeeper
363,Aleksandr Golovin,1996-05-30,Russia,2018-07-27,Russia,17,180,69,Midfielder
364,Aleksey Ionov,1989-02-18,Russia,2011-03-11,Russia,Unknown,177,69,Midfielder
365,Aleksey Miranchuk,1995-10-17,Russia,2022-08-11,Russia,59,182,74,Midfielder
366,Daler Kuzyaev,1993-01-15,Russia,2017-07-01,Russia,14,182,74,Midfielder
367,Daniil Fomin,1997-03-02,Russia,2019-11-05,Russia,Unknown,187,79,Midfielder
368,Denis Cheryshev,1990-12-26,Russia,2019-07-12,Russia,17,179,74,Midfielder
369,Denis Makarov,1998-02-18,Russia,2021-05-11,Russia,Unknown,181,75,Midfielder
370,Dimitri Barinov,1996-09-11,Russia,2019-03-22,Russia,Unknown,179,72,Midfielder
371,Magomed Ozdoev,1992-11-05,Russia,2018-02-15,Russia,27,181,77,Midfielder
372,Maksim Mukhin,2001-11-04,Russia,2021-03-01,Russia,Unknown,181,76,Midfielder
373,Roman Zobnin,1994-02-11,Russia,2015-03-20,Russia,Unknown,184,74,Midfielder
374,Aziz Behich,1990-12-16,Australia,2012-11-13,Australia,Unknown,170,63,Defender
375,Bailey Wright,1992-07-28,Australia,2014-05-01,Australia,Unknown,186,84,Defender
376,Fran Karacic,1996-05-12,Australia,2018-05-07,Australia,Unknown,185,75,Defender
377,Jason Davidson,1991-06-29,Australia,2012-08-08,Australia,Unknown,180,72,Defender
378,Joel King,2000-10-30,Australia,2022-01-20,Australia,Unknown,179,78,Defender
379,Kye Rowles,1998-06-24,Australia,2022-01-20,Australia,Unknown,185,90,Defender
380,Milos Degenek,1994-04-28,Australia,2016-05-11,Australia,Unknown,187,82,Defender
381,Nathaniel Atkinson,1999-06-13,Australia,2022-03-17,Australia,Unknown,181,0,Defender
382,Trent Sainsbury,1992-01-05,Australia,2014-08-01,Australia,Unknown,184,76,Defender
383,Adam Taggart,1993-06-02,Australia,2012-12-01,Australia,Unknown,183,69,Forward
384,Craig Goodwin,1991-12-16,Australia,2016-05-11,Australia,Unknown,180,72,Forward
385,Jamie Maclaren,1993-07-29,Australia,2016-05-11,Australia,Unknown,179,76,Forward
386,Marco Tilio,2001-08-23,Australia,2022-01-20,Australia,Unknown,170,0,Forward
387,Martin Boyle,1993-04-25,Australia,2018-11-08,Australia,Unknown,172,53,Forward
388,Mathew Leckie,1991-02-04,Australia,2012-11-01,Australia,Unknown,181,82,Forward
389,Mitchell Duke,1991-01-18,Australia,2013-07-01,Australia,Unknown,182,84,Forward
390,Nicholas D'Agostino,1998-02-25,Australia,2022-03-17,Australia,Unknown,175,77,Forward
391,Andrew Redmayne,1989-01-13,Australia,2019-05-23,Australia,Unknown,194,83,Goalkeeper
392,Danny Vukovic,1985-03-27,Australia,2017-03-08,Australia,Unknown,187,95,Goalkeeper
393,Mat Ryan,1992-04-08,Australia,2022-08-09,Australia,51,184,82,Goalkeeper
394,Aaron Mooy,1990-09-15,Australia,2022-07-19,Australia,13,175,68,Midfielder
395,Ajdin Hrustic,1996-07-05,Australia,2022-09-01,Australia,10,183,74,Midfielder
396,Awer Mabil,1995-09-15,Australia,2022-07-01,Australia,17,179,65,Midfielder
397,Denis Genreau,1999-05-21,Australia,2021-08-03,Australia,5,175,75,Midfielder
398,Gianni Stensness,1999-02-07,Australia,2021-11-05,Australia,Unknown,185,0,Midfielder
399,Jackson Irvine,1993-03-07,Australia,2013-10-01,Australia,Unknown,189,70,Midfielder
400,Kenneth Dougall,1993-05-07,Australia,2018-10-09,Australia,Unknown,182,79,Midfielder
401,Riley McGree,1998-11-02,Australia,2017-03-08,Australia,Unknown,178,72,Midfielder
402,Alex Sandro,1991-01-26,Brazil,2015-08-20,Brazil,12,180,80,Defender
403,Alex Telles,1992-12-15,Brazil,2022-08-04,Brazil,3,181,71,Defender
404,Bremer,1997-03-18,Brazil,2022-07-20,Brazil,3,188,80,Defender
405,Danilo,1991-07-15,Brazil,2019-08-07,Brazil,6,184,78,Defender
406,Eder Militao,1998-01-18,Brazil,2019-07-01,Brazil,3,186,78,Defender
407,Ibanez,1998-11-23,Brazil,2021-07-01,Brazil,3,185,73,Defender
408,Marquinhos,1994-05-14,Brazil,2013-07-19,Brazil,5,183,75,Defender
409,Thiago Silva,1984-09-22,Brazil,2020-08-28,Brazil,6,183,79,Defender
410,Antony,2000-02-24,Brazil,2022-09-01,Brazil,21,174,63,Forward
411,Matheus Cunha,1999-05-27,Brazil,2021-08-25,Brazil,9,184,76,Forward
412,Neymar,1992-02-05,Brazil,2017-08-03,Brazil,10,175,68,Forward
413,Pedro,1997-06-20,Brazil,2020-11-09,Brazil,Unknown,185,78,Forward
414,Raphinha,1996-12-14,Brazil,2022-07-15,Brazil,22,176,68,Forward
415,Richarlison,1997-05-10,Brazil,2022-07-01,Brazil,9,184,83,Forward
416,Roberto Firmino,1991-10-02,Brazil,2015-07-01,Brazil,9,181,76,Forward
417,Rodrygo,2001-01-09,Brazil,2019-07-01,Brazil,21,174,64,Forward
418,Vinicius Junior,2000-07-12,Brazil,2018-07-12,Brazil,20,176,73,Forward
419,Alisson,1992-10-02,Brazil,2018-07-19,Brazil,1,191,91,Goalkeeper
420,Ederson,1993-08-17,Brazil,2017-07-01,Brazil,31,188,86,Goalkeeper
421,Weverton,1987-12-13,Brazil,2016-08-15,Brazil,Unknown,189,91,Goalkeeper
422,Bruno Guimaraes,1997-11-16,Brazil,2022-01-30,Brazil,39,182,74,Midfielder
423,Casemiro,1992-02-23,Brazil,2022-08-22,Brazil,18,185,84,Midfielder
424,Danilo,2001-04-29,Brazil,2022-05-11,Brazil,Unknown,176,69,Midfielder
425,Everton Ribeiro,1989-04-10,Brazil,2014-08-19,Brazil,Unknown,171,68,Midfielder
426,Fabinho,1993-10-23,Brazil,2018-07-01,Brazil,3,188,78,Midfielder
427,Fred,1993-03-05,Brazil,2018-06-21,Brazil,17,169,64,Midfielder
428,Lucas Paqueta,1997-08-27,Brazil,2022-08-29,Brazil,11,180,72,Midfielder
429,Cristian Romero,1998-04-27,Argentina,2022-08-30,Argentina,17,185,79,Defender
430,German Pezzella,1991-06-27,Argentina,2021-08-20,Argentina,16,187,82,Defender
431,Gonzalo Montiel,1997-01-01,Argentina,2021-08-13,Argentina,2,178,69,Defender
432,Juan Foyth,1998-01-12,Argentina,2021-07-01,Argentina,8,179,69,Defender
433,Lisandro Martinez,1998-01-18,Argentina,2022-07-17,Argentina,6,175,77,Defender
434,Marcos Acuna,1991-10-28,Argentina,2020-09-14,Argentina,19,172,69,Defender
435,Marcos Senesi,1997-05-10,Argentina,2022-08-08,Argentina,25,185,80,Defender
436,Nahuel Molina,1998-04-06,Argentina,2022-07-28,Argentina,16,175,70,Defender
437,Nehuen Perez,2000-06-24,Argentina,2022-07-29,Argentina,18,185,75,Defender
438,Nicolas Otamendi,1988-02-12,Argentina,2020-09-27,Argentina,30,183,81,Defender
439,Nicolas Tagliafico,1992-08-31,Argentina,2022-07-23,Argentina,3,172,65,Defender
440,Angel Correa,1995-03-09,Argentina,2015-07-10,Argentina,10,171,70,Forward
441,Joaquin Correa,1994-08-13,Argentina,2022-07-01,Argentina,11,189,75,Forward
442,Julian Alvarez,2000-01-31,Argentina,2022-01-30,Argentina,19,170,71,Forward
443,Lautaro Martinez,1997-08-22,Argentina,2018-07-01,Argentina,10,174,72,Forward
444,Lionel Messi,1987-06-24,Argentina,2021-08-10,Argentina,30,170,72,Forward
445,Nicolas Gonzalez,1998-04-06,Argentina,2021-07-01,Argentina,22,180,72,Forward
446,Paulo Dybala,1993-11-15,Argentina,2022-07-20,Argentina,21,177,75,Forward
447,Emiliano Martinez,1992-09-02,Argentina,2020-09-16,Argentina,1,195,88,Goalkeeper
448,Franco Armani,1986-10-16,Argentina,2018-05-14,Argentina,Unknown,189,88,Goalkeeper
449,Geronimo Rulli,1992-05-20,Argentina,2020-09-05,Argentina,13,189,84,Goalkeeper
450,Juan Musso,1994-05-06,Argentina,2021-07-02,Argentina,1,191,93,Goalkeeper
451,Alexis Mac Allister,1998-12-24,Argentina,2019-01-24,Argentina,10,176,72,Midfielder
452,Angel Di Maria,1988-02-14,Argentina,2022-07-08,Argentina,22,180,75,Midfielder
453,Exequiel Palacios,1998-10-05,Argentina,2020-01-01,Argentina,25,177,67,Midfielder
454,Giovani Lo Celso,1996-04-09,Argentina,2022-08-14,Argentina,17,177,68,Midfielder
455,Guido Rodriguez,1994-04-12,Argentina,2020-01-14,Argentina,5,185,78,Midfielder
456,Alejandro Gomez,1988-02-15,Argentina,2021-01-26,Argentina,24,167,68,Midfielder
457,Rodrigo de Paul,1994-05-24,Argentina,2021-07-12,Argentina,5,180,70,Midfielder
458,Cesar Montes,1997-02-24,Mexico,2017-06-10,Mexico,Unknown,191,70,Defender
459,Emilio Lara,2002-05-18,Mexico,2021-12-06,Mexico,Unknown,167,45,Defender
460,Israel Reyes,2000-05-23,Mexico,2021-12-06,Mexico,Unknown,178,73,Defender
461,Jesus Angulo,1998-01-30,Mexico,2018-08-30,Mexico,Unknown,178,73,Defender
462,Kevin Alvarez,1999-01-15,Mexico,2022-04-21,Mexico,Unknown,175,63,Defender
463,Luis Reyes,1991-04-03,Mexico,2015-01-01,Mexico,Unknown,172,70,Defender
464,Alexis Vega,1997-11-25,Mexico,2019-03-15,Mexico,Unknown,175,72,Forward
465,Angel Zaldivar,1994-02-08,Mexico,2016-08-25,Mexico,Unknown,174,68,Forward
466,Eduardo Aguirre,1998-08-03,Mexico,2021-06-20,Mexico,Unknown,176,65,Forward
467,Erick Sanchez,1999-09-27,Mexico,2021-07-01,Mexico,Unknown,167,60,Forward
468,Roberto Alvarado,1998-09-07,Mexico,2018-08-30,Mexico,Unknown,176,58,Forward
469,Uriel Antuna,1997-08-21,Mexico,2017-11-01,Mexico,Unknown,167,59,Forward
470,Carlos Acevedo,1996-04-19,Mexico,2021-12-06,Mexico,Unknown,182,68,Goalkeeper
471,Luis Malagon,1997-03-02,Mexico,2021-06-20,Mexico,Unknown,180,73,Goalkeeper
472,Carlos Rodriguez,1997-01-03,Mexico,2019-03-15,Mexico,Unknown,170,66,Midfielder
473,Fernando Beltran,1998-05-08,Mexico,2020-09-24,Mexico,Unknown,165,66,Midfielder
474,Jesus Gallardo,1994-08-15,Mexico,2016-10-01,Mexico,Unknown,177,68,Midfielder
475,Luis Chavez,1996-01-15,Mexico,2020-09-24,Mexico,Unknown,178,73,Midfielder
476,Luis Romo,1995-06-05,Mexico,2019-09-27,Mexico,Unknown,180,84,Midfielder
477,Rodolfo Pizarro,1994-02-15,Mexico,2014-01-01,Mexico,Unknown,177,65,Midfielder
478,Cristian Zapata,1986-09-30,Colombia,2019-07-02,Colombia,2,187,82,Defender
479,Davinson Sanchez,1996-06-12,Colombia,2017-08-18,Colombia,6,187,81,Defender
480,Farid Diaz,1983-07-20,Colombia,2016-03-17,Colombia,18,168,70,Defender
481,Johan Mojica,1992-08-21,Colombia,2022-09-01,Colombia,12,185,66,Defender
482,Oscar Murillo,1988-04-18,Colombia,2016-03-17,Colombia,Unknown,184,82,Defender
483,Santiago Arias,1992-01-13,Colombia,2018-07-31,Colombia,Unknown,178,72,Defender
484,Yerry Mina,1994-09-23,Colombia,2018-08-09,Colombia,13,195,94,Defender
485,Carlos Bacca,1986-09-08,Colombia,2021-07-13,Colombia,20,181,77,Forward
486,Jose Izquierdo,1992-07-07,Colombia,2021-08-31,Colombia,21,171,73,Forward
487,Luis Muriel,1991-04-16,Colombia,2019-07-01,Colombia,9,179,79,Forward
488,Miguel Borja,1993-01-26,Colombia,2016-11-04,Colombia,Unknown,183,87,Forward
489,Falcao,1986-02-10,Colombia,2021-09-04,Colombia,9,177,72,Forward
490,Camilo Vargas,1989-03-09,Colombia,2013-03-01,Colombia,Unknown,185,81,Goalkeeper
491,David Ospina,1988-08-31,Colombia,2019-07-01,Colombia,25,183,80,Goalkeeper
492,Jose Cuadrado,1985-06-01,Colombia,2014-10-03,Colombia,22,181,80,Goalkeeper
493,Abel Aguilar,1985-01-06,Colombia,2002-08-01,Colombia,8,185,82,Midfielder
494,Carlos Sanchez,1986-02-06,Colombia,2018-08-09,Colombia,15,182,80,Midfielder
495,James Rodriguez,1991-07-12,Colombia,2020-09-07,Colombia,19,180,75,Midfielder
496,Jefferson Lerma,1994-10-25,Colombia,2018-08-07,Colombia,8,179,70,Midfielder
497,Juan Cuadrado,1988-05-26,Colombia,2017-05-23,Colombia,11,179,72,Midfielder
498,Juan Quintero,1993-01-18,Colombia,2013-03-14,Colombia,Unknown,168,67,Midfielder
499,Andres Uribe,1991-03-21,Colombia,2019-08-05,Colombia,8,182,71,Midfielder
500,Wilmar Barrios,1993-10-16,Colombia,2019-02-01,Colombia,5,178,72,Midfielder
501,Alberto Rodriguez,1984-03-31,Peru,2003-01-01,Peru,2,182,78,Defender
502,Aldo Corzo,1989-05-20,Peru,2009-02-01,Peru,Unknown,175,73,Defender
503,Christian Ramos,1988-11-04,Peru,2008-10-01,Peru,Unknown,185,74,Defender
504,Luis Advincula,1990-03-02,Peru,2019-07-09,Peru,17,178,80,Defender
505,Miguel Araujo,1994-10-24,Peru,2014-11-01,Peru,5,178,71,Defender
506,Miguel Trauco,1992-08-25,Peru,2019-08-06,Peru,13,175,65,Defender
507,Nilson Loyola,1994-10-26,Peru,2016-09-01,Peru,Unknown,175,64,Defender
508,Yoshimar Yotun,1990-04-07,Peru,2011-02-01,Peru,Unknown,171,66,Defender
509,Andre Carrillo,1991-06-14,Peru,2011-06-28,Peru,Unknown,182,75,Forward
510,Andy Polo,1994-09-29,Peru,2016-03-01,Peru,Unknown,175,70,Forward
511,Paolo Guerrero,1984-01-01,Peru,2004-01-01,Peru,Unknown,185,82,Forward
512,Raul Ruidiaz,1990-07-25,Peru,2011-06-01,Peru,Unknown,169,65,Forward
513,Carlos Caceda,1991-09-27,Peru,2016-05-01,Peru,Unknown,183,80,Goalkeeper
514,Jose Carvallo,1986-03-16,Peru,2007-09-01,Peru,Unknown,180,82,Goalkeeper
515,Pedro Gallese,1990-02-23,Peru,2014-05-23,Peru,Unknown,189,79,Goalkeeper
516,Anderson Santamaria,1992-01-10,Peru,2016-09-01,Peru,Unknown,184,82,Midfielder
517,Christian Cueva,1991-11-23,Peru,2011-06-01,Peru,Unknown,169,61,Midfielder
518,Edison Flores,1994-05-14,Peru,2013-08-01,Peru,Unknown,170,70,Midfielder
519,Jefferson Farfan,1984-10-26,Peru,2017-01-29,Peru,8,178,84,Midfielder
520,Paolo Hurtado,1990-07-27,Peru,2011-09-01,Peru,7,177,67,Midfielder
521,Pedro Aquino,1995-04-13,Peru,2016-09-01,Peru,Unknown,175,68,Midfielder
522,Renato Tapia,1995-07-28,Peru,2020-08-04,Peru,14,185,78,Midfielder
523,Wilder Cartagena,1994-09-23,Peru,2016-11-01,Peru,Unknown,180,72,Midfielder
524,Alan Matturro,2004-10-11,Uruguay,2022-05-25,Uruguay,Unknown,0,0,Defender
525,Damian Suarez,1988-04-27,Uruguay,2015-07-08,Uruguay,22,172,61,Defender
526,Diego Godin,1986-02-16,Uruguay,2005-01-01,Uruguay,Unknown,187,78,Defender
527,Guillermo Varela,1993-03-24,Uruguay,2016-03-16,Uruguay,Unknown,173,70,Defender
528,Jose Gimenez,1995-01-20,Uruguay,2013-07-01,Uruguay,2,185,80,Defender
529,Martin Caceres,1987-04-07,Uruguay,2007-10-01,Uruguay,Unknown,180,78,Defender
530,Mathias Olivera,1997-10-31,Uruguay,2022-07-01,Uruguay,17,184,78,Defender
531,Matias Vina,1997-11-09,Uruguay,2021-08-08,Uruguay,5,181,70,Defender
532,Ronald Araujo,1999-03-07,Uruguay,2019-07-20,Uruguay,4,188,79,Defender
533,Sebastian Coates,1990-10-07,Uruguay,2017-02-02,Uruguay,4,196,94,Defender
534,Agustin Canobbio,1998-10-01,Uruguay,2022-01-25,Uruguay,Unknown,175,72,Forward
535,Darwin Nunez,1999-06-24,Uruguay,2022-06-14,Uruguay,27,187,78,Forward
536,Diego Rossi,1998-03-05,Uruguay,2020-10-05,Uruguay,Unknown,170,65,Forward
537,Edinson Cavani,1987-02-14,Uruguay,2022-08-29,Uruguay,7,184,71,Forward
538,Maxi Gomez,1996-08-14,Uruguay,2017-09-15,Uruguay,Unknown,186,91,Forward
539,Fernando Muslera,1986-06-16,Uruguay,2007-06-12,Uruguay,Unknown,190,84,Goalkeeper
540,Sebastian Sosa,1986-08-19,Uruguay,2022-01-01,Uruguay,Unknown,180,72,Goalkeeper
541,Sergio Rochet,1993-03-23,Uruguay,2021-05-28,Uruguay,Unknown,190,82,Goalkeeper
542,Augusto Scarone,2004-06-03,Uruguay,2022-05-25,Uruguay,Unknown,0,0,Midfielder
543,Facundo Pellistri,2001-12-20,Uruguay,2020-10-05,Uruguay,28,175,69,Midfielder
544,Federico Valverde,1998-07-22,Uruguay,2018-07-02,Uruguay,15,182,78,Midfielder
545,Fernando Gorriaran,1994-11-27,Uruguay,2021-05-14,Uruguay,Unknown,168,68,Midfielder
546,Giorgian de Arrascaeta,1994-06-01,Uruguay,2014-08-21,Uruguay,Unknown,173,73,Midfielder
547,Lucas Torreira,1996-02-11,Uruguay,2018-03-04,Uruguay,Unknown,166,65,Midfielder
548,Manuel Ugarte,2001-04-11,Uruguay,2021-08-09,Uruguay,15,182,77,Midfielder
549,Matias Vecino,1991-08-24,Uruguay,2022-08-01,Uruguay,5,187,81,Midfielder
550,Mauro Arambarri,1995-09-30,Uruguay,2018-07-01,Uruguay,18,175,74,Midfielder
551,Nicolas De La Cruz,1997-06-01,Uruguay,2020-03-05,Uruguay,Unknown,167,70,Midfielder
552,Bryan Oviedo,1990-02-18,Costa Rica,2010-01-01,Costa Rica,Unknown,172,60,Defender
553,Carlos Martinez,1999-03-30,Costa Rica,2022-03-18,Costa Rica,Unknown,0,0,Defender
554,Carlos Mora,2001-03-18,Costa Rica,2022-03-18,Costa Rica,Unknown,0,0,Defender
555,Francisco Calvo,1992-07-08,Costa Rica,2011-06-01,Costa Rica,Unknown,180,80,Defender
556,Ian Lawrence,2002-05-28,Costa Rica,2022-03-18,Costa Rica,Unknown,0,0,Defender
557,Juan Pablo Vargas,1995-06-06,Costa Rica,2017-06-05,Costa Rica,Unknown,192,88,Defender
558,Kendall Waston,1988-01-01,Costa Rica,2013-01-01,Costa Rica,Unknown,196,89,Defender
559,Keysher Fuller,1994-07-12,Costa Rica,2019-01-18,Costa Rica,Unknown,183,78,Defender
560,Orlando Galo,2000-08-11,Costa Rica,2021-10-05,Costa Rica,Unknown,0,0,Defender
561,Oscar Duarte,1989-06-03,Costa Rica,2010-07-01,Costa Rica,Unknown,186,81,Defender
562,Anthony Contreras,2000-01-29,Costa Rica,2021-11-06,Costa Rica,Unknown,180,72,Forward
563,Bryan Ruiz,1985-08-18,Costa Rica,2005-01-01,Costa Rica,Unknown,188,78,Forward
564,Jewison Bennette,2004-06-15,Costa Rica,2021-08-14,Costa Rica,Unknown,0,0,Forward
565,Joel Campbell,1992-06-26,Costa Rica,2011-06-01,Costa Rica,Unknown,178,71,Forward
566,Aaron Cruz,1991-05-25,Costa Rica,2017-06-05,Costa Rica,Unknown,181,0,Goalkeeper
567,Keylor Navas,1986-12-15,Costa Rica,2019-09-02,Costa Rica,1,185,80,Goalkeeper
568,Leonel Moreira,1990-04-02,Costa Rica,2011-06-01,Costa Rica,Unknown,179,71,Goalkeeper
569,Brandon Aguilera,2003-06-28,Costa Rica,2022-03-18,Costa Rica,Unknown,0,0,Midfielder
570,Celso Borges,1988-05-27,Costa Rica,2008-01-01,Costa Rica,Unknown,182,79,Midfielder
571,Daniel Chacon,2001-04-11,Costa Rica,2022-01-21,Costa Rica,Unknown,183,69,Midfielder
572,Gerson Torres,1997-08-28,Costa Rica,2021-05-25,Costa Rica,Unknown,176,71,Midfielder
573,Johan Venegas,1988-11-27,Costa Rica,2014-11-01,Costa Rica,Unknown,183,76,Midfielder
574,Yeltsin Tejeda,1992-03-17,Costa Rica,2011-01-01,Costa Rica,Unknown,179,71,Midfielder
575,Hong Chul,1990-09-17,Korea Republic,2011-02-01,Korea Republic,14,176,67,Defender
576,Kim Jin-Su,1992-06-13,Korea Republic,2013-10-01,Korea Republic,3,177,70,Defender
577,Kim Ju-Sung,2000-12-12,Korea Republic,2022-07-11,Korea Republic,24,186,76,Defender
578,Kim Moon-Hwan,1995-08-01,Korea Republic,2018-08-27,Korea Republic,15,172,64,Defender
579,Kim Young-Gwon,1990-02-27,Korea Republic,2010-08-01,Korea Republic,19,186,74,Defender
580,Kwon Kyung-Won,1992-01-31,Korea Republic,2017-08-28,Korea Republic,20,189,86,Defender
581,Lee Jae-Ik,1999-05-21,Korea Republic,2022-03-14,Korea Republic,19,185,78,Defender
582,Park Ji-Soo,1994-06-13,Korea Republic,2018-10-01,Korea Republic,18,187,73,Defender
583,Yoon Jong-Gyu,1998-03-20,Korea Republic,2020-10-02,Korea Republic,2,173,65,Defender
584,Cho Gue-Sung,1998-01-25,Korea Republic,2021-08-23,Korea Republic,9,185,70,Forward
585,Cho Young-Wook,1999-02-05,Korea Republic,2018-12-13,Korea Republic,17,178,73,Forward
586,Kang Seong-Jin,2003-03-26,Korea Republic,2022-07-11,Korea Republic,26,178,76,Forward
587,Song Min-Kyu,1999-09-12,Korea Republic,2021-05-24,Korea Republic,13,179,72,Forward
588,Cho Hyun-Woo,1991-09-25,Korea Republic,2017-05-20,Korea Republic,21,189,73,Goalkeeper
589,Kim Dong-Jun,1994-12-19,Korea Republic,2017-03-20,Korea Republic,1,189,85,Goalkeeper
590,Song Bum-Keun,1997-10-15,Korea Republic,2018-09-02,Korea Republic,12,194,88,Goalkeeper
591,Cho Yu-Min,1996-11-17,Korea Republic,2022-05-23,Korea Republic,4,182,79,Midfielder
592,Goh Young-Jun,2001-07-09,Korea Republic,2022-07-11,Korea Republic,23,168,73,Midfielder
593,Hwang In-Beom,1996-09-20,Korea Republic,2018-08-27,Korea Republic,6,177,70,Midfielder
594,Kim Dong-Hyun,1997-06-11,Korea Republic,2022-05-23,Korea Republic,16,182,72,Midfielder
595,Kim Jin-Kyu,1997-02-24,Korea Republic,2021-12-28,Korea Republic,10,177,68,Midfielder
596,Kwon Chang-Hoon,1994-06-30,Korea Republic,2014-12-04,Korea Republic,22,174,71,Midfielder
597,Lee Gi-Hyuk,2000-07-07,Korea Republic,2022-07-11,Korea Republic,25,184,76,Midfielder
598,Lee Yeong-Jae,1994-09-13,Korea Republic,2019-12-05,Korea Republic,5,175,66,Midfielder
599,Na Sang-Ho,1996-08-12,Korea Republic,2018-11-13,Korea Republic,7,173,70,Midfielder
600,Paik Seung-Ho,1997-03-17,Korea Republic,2019-03-14,Korea Republic,8,182,73,Midfielder
601,Um Won-Sang,1999-01-06,Korea Republic,2020-11-02,Korea Republic,11,171,60,Midfielder
602,Abolfazl Jalali,1998-06-26,Iran,2021-03-21,Iran,Unknown,177,0,Defender
603,Aref Aghasi,1997-01-02,Iran,2021-03-21,Iran,Unknown,188,88,Defender
604,Aref Gholami,1997-04-19,Iran,2020-10-03,Iran,Unknown,183,0,Defender
605,Armin Sohrabian,1995-07-26,Iran,2018-09-01,Iran,Unknown,181,0,Defender
606,Majid Hosseini,1996-06-20,Iran,2018-05-12,Iran,Unknown,187,78,Defender
607,Omid Noorafkan,1997-04-09,Iran,2017-08-27,Iran,Unknown,181,78,Defender
608,Sadegh Moharrami,1996-03-01,Iran,2018-07-01,Iran,2,174,71,Defender
609,Saleh Hardani,1998-09-14,Iran,2021-08-30,Iran,Unknown,176,0,Defender
610,Ali Alipour,1995-11-11,Iran,2018-03-14,Iran,Unknown,181,70,Forward
611,Allahyar Sayyad,2001-06-29,Iran,2019-05-30,Iran,Unknown,182,76,Forward
612,Amirhossein Hosseinzadeh,2000-10-30,Iran,2022-03-18,Iran,Unknown,179,80,Forward
613,Mehdi Taremi,1992-07-18,Iran,2020-08-31,Iran,9,187,79,Forward
614,Saeid Sadeghi,1994-04-25,Iran,2022-06-01,Iran,Unknown,180,0,Forward
615,Sardar Azmoun,1995-01-01,Iran,2022-01-30,Iran,9,186,78,Forward
616,Alireza Beiranvand,1992-09-21,Iran,2014-11-17,Iran,Unknown,196,85,Goalkeeper
617,Amir Abedzadeh,1993-04-26,Iran,2017-11-08,Iran,Unknown,186,80,Goalkeeper
618,Payam Niazmand,1995-04-06,Iran,2018-12-26,Iran,Unknown,193,82,Goalkeeper
619,Seyed Hossein Hosseini,1992-06-30,Iran,2018-03-14,Iran,Unknown,185,80,Goalkeeper
620,Ahmad Noorollahi,1993-02-01,Iran,2018-10-14,Iran,Unknown,179,73,Midfielder
621,Ali Gholizadeh,1996-03-10,Iran,2018-03-14,Iran,Unknown,176,72,Midfielder
622,Alireza Jahanbakhsh,1993-08-11,Iran,2013-10-05,Iran,Unknown,180,76,Midfielder
623,Ehsan Haji Safi,1990-02-25,Iran,2008-05-25,Iran,Unknown,178,75,Midfielder
624,Mehdi Mehdipour,1994-02-18,Iran,2022-02-18,Iran,Unknown,0,0,Midfielder
625,Mehdi Shiri,1991-01-31,Iran,2020-11-11,Iran,Unknown,176,0,Midfielder
626,Mehdi Torabi,1994-09-10,Iran,2015-06-01,Iran,Unknown,185,71,Midfielder
627,Milad Sarlak,1995-03-26,Iran,2021-08-30,Iran,Unknown,181,78,Midfielder
628,Omid Ebrahimi,1987-02-27,Iran,2012-12-07,Iran,Unknown,178,75,Midfielder
629,Saeid Ezatolahi,1996-10-01,Iran,2015-06-09,Iran,Unknown,190,78,Midfielder
630,Seyed Mehdi Hosseini,1993-09-16,Iran,2022-06-01,Iran,Unknown,0,0,Midfielder
631,Soroush Rafiei,1990-03-24,Iran,2014-12-01,Iran,Unknown,175,0,Midfielder
632,Achraf Dari,1999-05-06,Morocco,2022-07-29,Morocco,4,188,0,Defender
633,Achraf Hakimi,1998-11-04,Morocco,2021-06-06,Morocco,2,181,73,Defender
634,Adam Masina,1994-01-02,Morocco,2022-07-18,Morocco,3,189,78,Defender
635,Jawad El Yamiq,1992-02-29,Morocco,2020-09-24,Morocco,15,190,83,Defender
636,Mohamed Chibi,1993-01-21,Morocco,2021-11-28,Morocco,25,185,0,Defender
637,Nayef Aguerd,1996-03-30,Morocco,2022-06-21,Morocco,27,188,76,Defender
638,Noussair Mazraoui,1997-11-14,Morocco,2022-07-01,Morocco,40,183,63,Defender
639,Samy Mmaee,1996-09-08,Morocco,2021-12-23,Morocco,23,185,82,Defender
640,Sofian Chakla,1993-09-02,Morocco,2020-10-01,Morocco,Unknown,188,77,Defender
641,Sofiane Alakouch,1998-07-29,Morocco,2017-08-25,Morocco,20,175,66,Defender
642,Yahia Attiyat Allah,1995-03-02,Morocco,2022-03-17,Morocco,7,176,0,Defender
643,Ayoub El Kaabi,1993-06-25,Morocco,2018-03-13,Morocco,17,182,72,Forward
644,Munir El Haddadi,1995-09-01,Morocco,2022-08-31,Morocco,17,175,69,Forward
645,Soufiane Rahimi,1996-06-02,Morocco,2020-11-05,Morocco,21,180,76,Forward
646,Tarik Tissoudali,1993-04-02,Morocco,2021-12-31,Morocco,9,182,70,Forward
647,Youssef En-Nesyri,1997-06-01,Morocco,2020-01-16,Morocco,15,189,73,Forward
648,Zakaria Aboukhlal,2000-02-18,Morocco,2022-07-01,Morocco,6,179,74,Forward
649,Anas Zniti,1988-08-29,Morocco,2012-12-26,Morocco,22,190,0,Goalkeeper
650,Bono,1991-04-05,Morocco,2020-09-04,Morocco,13,192,78,Goalkeeper
651,Munir Mohamedi,1989-05-10,Morocco,2015-03-11,Morocco,12,190,89,Goalkeeper
652,Adel Taarabt,1989-05-24,Morocco,2010-11-01,Morocco,Unknown,185,77,Midfielder
653,Amine Harit,1997-06-18,Morocco,2022-09-01,Morocco,77,180,67,Midfielder
654,Aymen Barkok,1998-05-21,Morocco,2022-07-01,Morocco,4,189,82,Midfielder
655,Azz-Eddine Ounahi,2000-04-19,Morocco,2021-07-14,Morocco,8,182,0,Midfielder
656,Faycal Fajr,1988-08-01,Morocco,2015-11-01,Morocco,11,178,72,Midfielder
657,Ilias Chair,1997-10-30,Morocco,2021-05-27,Morocco,13,158,53,Midfielder
658,Romain Saiss,1990-03-26,Morocco,2012-11-13,Morocco,6,190,80,Midfielder
659,Selim Amallah,1996-11-15,Morocco,2019-10-03,Morocco,15,186,82,Midfielder
660,Sofyan Amrabat,1996-08-21,Morocco,2020-01-31,Morocco,34,185,70,Midfielder
661,Yahya Jabrane,1991-06-18,Morocco,2019-11-07,Morocco,Unknown,183,0,Midfielder
662,Abdullahi Shehu,1993-03-12,Nigeria,2014-03-01,Nigeria,Unknown,181,72,Defender
663,Brian Idowu,1992-05-18,Nigeria,2018-07-10,Nigeria,3,179,76,Defender
664,Chidozie Awaziem,1997-01-01,Nigeria,2019-08-15,Nigeria,12,189,78,Defender
665,Elderson Echiejile,1988-01-20,Nigeria,2008-05-01,Nigeria,3,184,76,Defender
666,Kenneth Omeruo,1993-10-17,Nigeria,2019-08-13,Nigeria,4,185,81,Defender
667,Leon Balogun,1988-06-28,Nigeria,2018-07-01,Nigeria,14,190,88,Defender
668,Tyronne Ebuehi,1995-12-16,Nigeria,2022-07-05,Nigeria,24,187,76,Defender
669,Victor Moses,1990-12-12,Nigeria,2012-08-24,Nigeria,15,177,79,Defender
670,William Troost-Ekong,1993-09-01,Nigeria,2020-09-29,Nigeria,5,191,82,Defender
671,Ahmed Musa,1992-10-14,Nigeria,2013-01-01,Nigeria,Unknown,171,66,Forward
672,Alex Iwobi,1996-05-03,Nigeria,2019-08-08,Nigeria,17,180,75,Forward
673,Kelechi Iheanacho,1996-10-03,Nigeria,2017-08-03,Nigeria,14,185,82,Forward
674,Odion Ighalo,1989-06-16,Nigeria,2020-01-31,Nigeria,25,181,73,Forward
675,Simy,1992-05-07,Nigeria,2022-01-03,Nigeria,25,198,84,Forward
676,Daniel Akpeyi,1986-03-08,Nigeria,2014-01-01,Nigeria,Unknown,186,80,Goalkeeper
677,Francis Uzoho,1998-10-28,Nigeria,2017-11-01,Nigeria,23,196,91,Goalkeeper
678,Ikechukwu Ezenwa,1988-10-16,Nigeria,2016-05-24,Nigeria,Unknown,185,80,Goalkeeper
679,Joel Obi,1991-05-22,Nigeria,2021-07-21,Nigeria,22,176,71,Midfielder
680,John Obi Mikel,1987-04-22,Nigeria,2005-08-01,Nigeria,10,188,83,Midfielder
681,Johan Ogu,1988-04-20,Nigeria,2013-03-01,Nigeria,19,192,84,Midfielder
682,Ogenyi Onazi,1992-12-25,Nigeria,2012-01-01,Nigeria,Unknown,173,73,Midfielder
683,Oghenekaro Etebo,1995-11-09,Nigeria,2021-07-09,Nigeria,4,172,70,Midfielder
684,Wilfred Ndidi,1996-12-16,Nigeria,2017-01-03,Nigeria,25,183,74,Midfielder
685,Alaa Ghram,2001-07-24,Tunisia,2022-05-27,Tunisia,24,0,0,Defender
686,Ali El Abdi,1993-12-20,Tunisia,2018-11-06,Tunisia,4,183,73,Defender
687,Ali Maaloul,1990-01-01,Tunisia,2014-01-01,Tunisia,12,175,72,Defender
688,Bilel Ifa,1990-03-09,Tunisia,2009-12-01,Tunisia,2,185,77,Defender
689,Mohamed Draeger,1996-06-25,Tunisia,2018-11-06,Tunisia,20,180,74,Defender
690,Montassar Talbi,1998-05-26,Tunisia,2022-07-18,Tunisia,3,190,0,Defender
691,Rami Kaib,1997-05-08,Tunisia,2022-05-27,Tunisia,21,178,63,Defender
692,Issam Jebali,1991-12-25,Tunisia,2018-10-04,Tunisia,17,186,84,Forward
693,Seifeddine Jaziri,1993-02-11,Tunisia,2020-10-01,Tunisia,19,180,0,Forward
694,Taha Khenissi,1992-01-06,Tunisia,2015-11-09,Tunisia,11,180,77,Forward
695,Youssef Msakni,1990-10-28,Tunisia,2009-12-01,Tunisia,7,175,73,Forward
696,Aymen Dahmen,1997-01-28,Tunisia,2018-11-10,Tunisia,16,0,0,Goalkeeper
697,Bechir Ben Said,1992-11-29,Tunisia,2020-10-01,Tunisia,22,188,0,Goalkeeper
698,Sedki Debchi,1999-10-28,Tunisia,2022-05-27,Tunisia,1,196,0,Goalkeeper
699,Adam Ben Lamin,2001-06-02,Tunisia,2019-10-01,Tunisia,5,184,0,Midfielder
700,Aissa Bilal Laidouni,1996-12-13,Tunisia,2021-03-18,Tunisia,14,179,75,Midfielder
701,Anis Ben Slimane,2001-03-16,Tunisia,2020-10-01,Tunisia,8,186,86,Midfielder
702,Ferjani Sassi,1992-03-18,Tunisia,2013-01-01,Tunisia,13,186,80,Midfielder
703,Firas Ben Alarbi,1996-05-27,Tunisia,2022-05-27,Tunisia,9,180,80,Midfielder
704,Hannibal Mejbri,2003-01-21,Tunisia,2021-05-28,Tunisia,10,177,0,Midfielder
705,Mohamed Ali Ben Romdhane,1999-09-06,Tunisia,2019-11-08,Tunisia,15,182,0,Midfielder
706,Mootez Zaddem,2001-01-05,Tunisia,2021-03-18,Tunisia,Unknown,0,0,Midfielder
707,Nader Ghandri,1995-02-18,Tunisia,2019-06-02,Tunisia,6,194,88,Midfielder
708,Naim Sliti,1992-07-27,Tunisia,2016-11-03,Tunisia,23,173,78,Midfielder
709,Ahmed El Mohamady,1987-09-09,Egypt,2017-07-19,Egypt,27,183,75,Defender
710,Ahmed Fathy,1984-11-10,Egypt,2016-12-01,Egypt,Unknown,175,72,Defender
711,Ahmed Hegazi,1991-01-25,Egypt,2017-12-18,Egypt,26,193,83,Defender
712,Ali Gabr,1989-01-01,Egypt,2014-05-22,Egypt,Unknown,193,86,Defender
713,Ayman Ashraf,1991-04-09,Egypt,2015-11-10,Egypt,Unknown,175,67,Defender
714,Mahmoud Hamdi,1995-06-01,Egypt,2017-05-31,Egypt,Unknown,173,72,Defender
715,Mohamed Shafy,1985-07-01,Egypt,2010-01-01,Egypt,13,175,77,Defender
716,Omar Gaber,1992-01-30,Egypt,2011-09-02,Egypt,Unknown,173,72,Defender
717,Saad Samir,1989-04-01,Egypt,2014-10-09,Egypt,20,185,78,Defender
718,Kahraba,1994-04-13,Egypt,2013-06-01,Egypt,Unknown,182,76,Forward
719,Marwan Mohsen,1989-02-26,Egypt,2011-09-02,Egypt,9,187,82,Forward
720,Mohamed Salah,1992-06-15,Egypt,2017-07-01,Egypt,11,175,71,Forward
721,Essam El Hadary,1973-01-15,Egypt,1996-01-01,Egypt,1,188,84,Goalkeeper
722,Mohamed El-Shenawy,1988-12-18,Egypt,2014-05-22,Egypt,Unknown,191,84,Goalkeeper
723,Sherif Ekramy,1983-07-10,Egypt,2006-08-01,Egypt,16,191,91,Goalkeeper
724,Abdallah El Said,1985-07-13,Egypt,2008-06-13,Egypt,Unknown,175,69,Midfielder
725,Amr Warda,1993-09-17,Egypt,2015-10-10,Egypt,22,176,70,Midfielder
726,Mohamed Elneny,1992-07-11,Egypt,2016-01-14,Egypt,25,179,72,Midfielder
727,Ramadan Sobhi,1997-01-23,Egypt,2015-06-13,Egypt,14,183,75,Midfielder
728,Sam Morsy,1991-09-10,Egypt,2016-08-29,Egypt,Unknown,175,70,Midfielder
729,Shikabala,1986-03-05,Egypt,2007-06-02,Egypt,18,183,81,Midfielder
730,Tarek Hamed,1988-10-24,Egypt,2013-03-06,Egypt,Unknown,170,63,Midfielder
731,Trezeguet,1994-10-01,Egypt,2019-07-24,Egypt,17,180,71,Midfielder
732,Abdoulaye Diedhiou,2000-07-12,Senegal,2022-07-11,Senegal,12,0,0,Defender
733,Amadou Ndiaye,2001-03-17,Senegal,2022-07-11,Senegal,11,0,0,Defender
734,Cheikhou Ndiaye,2002-01-25,Senegal,2022-07-11,Senegal,22,179,0,Defender
735,El Hadji Balde,1993-10-05,Senegal,2022-07-11,Senegal,2,0,0,Defender
736,Malickou Ndoye,1999-10-10,Senegal,2022-07-01,Senegal,3,0,0,Defender
737,Melo Ndiaye,1994-11-23,Senegal,2022-07-07,Senegal,15,0,0,Defender
738,Bouly Junior Sambou,1998-12-01,Senegal,2022-07-11,Senegal,10,183,0,Forward
739,Elhadj Mane,2001-06-08,Senegal,2022-07-11,Senegal,9,0,0,Forward
740,Jean Remi Bocande,1988-12-29,Senegal,2016-02-01,Senegal,18,0,0,Forward
741,Paul Valere Bassene,2001-01-02,Senegal,2022-07-11,Senegal,19,0,0,Forward
742,Alioune Badara Faty,1999-05-03,Senegal,2021-11-10,Senegal,1,0,0,Goalkeeper
743,Landing Badji,2003-09-21,Senegal,2022-07-11,Senegal,16,0,0,Goalkeeper
744,Pape Abdoulaye Dieng,1994-11-10,Senegal,2022-07-11,Senegal,23,0,0,Goalkeeper
745,Alassane Faye,2003-09-28,Senegal,2022-07-11,Senegal,4,0,0,Midfielder
746,Alassane Maodo Kante,2000-12-20,Senegal,2021-07-06,Senegal,8,0,0,Midfielder
747,El Hadji Latyr Ndiaye,1999-08-12,Senegal,2022-07-11,Senegal,5,0,0,Midfielder
748,Etane Tendeng,2001-01-01,Senegal,2021-07-06,Senegal,21,0,0,Midfielder
749,Jean Louis Barthelemy Diouf,1996-07-06,Senegal,2022-07-11,Senegal,7,0,0,Midfielder
750,Lamine Camara,2004-01-01,Senegal,2022-07-01,Senegal,13,0,0,Midfielder
751,Lamine Diadhiou,2003-02-19,Senegal,2022-07-11,Senegal,20,0,0,Midfielder
752,Moussa Ndiaye,2004-02-23,Senegal,2022-07-11,Senegal,14,0,0,Midfielder
753,Ngagne Fall,1999-08-07,Senegal,2022-07-11,Senegal,17,0,0,Midfielder
754,Ousmane Sow,2000-10-20,Senegal,2022-07-11,Senegal,6,0,0,Midfielder
755,Abdulelah Al Amri,1997-01-15,Saudi Arabia,2018-12-27,Saudi Arabia,Unknown,185,74,Defender
756,Ali Albulayhi,1989-11-21,Saudi Arabia,2018-04-23,Saudi Arabia,Unknown,181,81,Defender
757,Ali Lajami,1996-04-24,Saudi Arabia,2019-10-07,Saudi Arabia,Unknown,178,75,Defender
758,Hassan Al Tambakti,1999-02-09,Saudi Arabia,2018-11-09,Saudi Arabia,Unknown,185,74,Defender
759,Mohammed Al-Burayk,1992-09-15,Saudi Arabia,2016-08-23,Saudi Arabia,Unknown,173,62,Defender
760,Sultan Al-Ghannam,1994-05-06,Saudi Arabia,2017-12-15,Saudi Arabia,Unknown,174,64,Defender
761,Yasir Al Shahrani,1992-05-25,Saudi Arabia,2012-07-01,Saudi Arabia,Unknown,170,62,Defender
762,Ziyad Al Sahafi,1994-02-03,Saudi Arabia,2019-03-14,Saudi Arabia,Unknown,188,73,Defender
763,Abdullah Al Hamdan,1999-09-13,Saudi Arabia,2019-08-31,Saudi Arabia,Unknown,183,76,Forward
764,Abdulrahman Al Obud,1995-06-01,Saudi Arabia,2022-01-22,Saudi Arabia,Unknown,174,70,Forward
765,Abdulrahman Ghareeb,1997-03-31,Saudi Arabia,2018-10-05,Saudi Arabia,Unknown,165,60,Forward
766,Firas Al Brikan,2000-05-14,Saudi Arabia,2018-11-09,Saudi Arabia,Unknown,182,75,Forward
767,Fawaz Al-Qarni,1992-04-02,Saudi Arabia,2014-05-01,Saudi Arabia,Unknown,184,88,Goalkeeper
768,Mohammed Al Owais,1991-10-10,Saudi Arabia,2016-10-03,Saudi Arabia,Unknown,185,82,Goalkeeper
769,Mohammed Al Rubaie,1997-08-14,Saudi Arabia,2018-10-05,Saudi Arabia,Unknown,188,77,Goalkeeper
770,Abdulaziz Al Bishi,1994-03-11,Saudi Arabia,2018-10-05,Saudi Arabia,Unknown,173,73,Midfielder
771,Abdullah Ateef,1992-08-03,Saudi Arabia,2012-12-08,Saudi Arabia,Unknown,176,66,Midfielder
772,Ali Al Hassan,1997-03-04,Saudi Arabia,2021-05-26,Saudi Arabia,Unknown,182,68,Midfielder
773,Hattan Bahebri,1992-07-16,Saudi Arabia,2017-12-24,Saudi Arabia,Unknown,171,67,Midfielder
774,Khalid Al Ghannam,2000-11-07,Saudi Arabia,2022-01-22,Saudi Arabia,Unknown,171,64,Midfielder
775,Mohammed Kanno,1994-09-22,Saudi Arabia,2017-12-15,Saudi Arabia,Unknown,192,67,Midfielder
776,Nasser Al Dawsari,1998-12-19,Saudi Arabia,2021-03-16,Saudi Arabia,Unknown,180,64,Midfielder
777,Salem Al Dawsari,1991-08-19,Saudi Arabia,2012-02-28,Saudi Arabia,Unknown,171,72,Midfielder
778,Salman Al Faraj,1989-08-01,Saudi Arabia,2012-10-13,Saudi Arabia,Unknown,179,69,Midfielder
779,Sami Al Najei,1997-02-07,Saudi Arabia,2017-01-06,Saudi Arabia,Unknown,176,68,Midfielder
780,Daiki Sugioka,1998-09-08,Japan,2019-05-24,Japan,13,182,75,Defender
781,Hayato Araki,1996-08-07,Japan,2019-11-06,Japan,22,186,77,Defender
782,Miki Yamane,1993-12-22,Japan,2021-03-18,Japan,2,178,72,Defender
783,Ryuta Koike,1995-08-29,Japan,2022-07-13,Japan,25,170,67,Defender
784,Shinnosuke Hatanaka,1995-08-25,Japan,2019-03-14,Japan,5,184,83,Defender
785,Shinnosuke Nakatani,1996-03-24,Japan,2021-03-18,Japan,4,184,79,Defender
786,Sho Sasaki,1989-10-02,Japan,2018-08-30,Japan,19,177,70,Defender
787,Shogo Taniguchi,1991-07-15,Japan,2015-07-28,Japan,3,183,75,Defender
788,Takuma Ominami,1997-12-13,Japan,2022-07-13,Japan,24,184,76,Defender
789,Tomoki Iwata,1997-04-07,Japan,2019-05-24,Japan,6,178,77,Defender
790,Makoto Mitsuta,1999-07-20,Japan,2022-07-13,Japan,21,170,60,Forward
791,Mao Hosoya,2001-09-07,Japan,2022-07-13,Japan,20,177,69,Forward
792,Ryo Miyaichi,1992-12-14,Japan,2012-10-08,Japan,17,183,78,Forward
793,Shuto Machino,1999-09-30,Japan,2022-07-13,Japan,11,185,77,Forward
794,Takuma Nishimura,1996-10-22,Japan,2022-07-13,Japan,9,178,76,Forward
795,Yuki Soma,1997-02-25,Japan,2019-12-04,Japan,16,165,68,Forward
796,Yuto Iwasaki,1998-06-11,Japan,2022-07-17,Japan,10,173,72,Forward
797,Keisuke Osako,1999-07-28,Japan,2019-05-24,Japan,1,186,86,Goalkeeper
798,Kosei Tani,2000-11-22,Japan,2021-08-26,Japan,12,190,87,Goalkeeper
799,Zion Suzuki,2002-08-21,Japan,2022-07-13,Japan,23,190,93,Goalkeeper
800,Gakuto Notsuda,1994-06-06,Japan,2022-07-13,Japan,7,177,72,Midfielder
801,Joel Fujita,2002-02-16,Japan,2022-07-13,Japan,26,174,74,Midfielder
802,Kento Hashimoto,1993-08-16,Japan,2019-03-19,Japan,15,182,70,Midfielder
803,Kota Mizunuma,1990-02-22,Japan,2022-07-13,Japan,18,176,72,Midfielder
804,Tsukasa Morishima,1997-04-25,Japan,2019-12-04,Japan,8,175,67,Midfielder
805,Yasuto Wakizaka,1995-06-11,Japan,2021-03-22,Japan,14,173,69,Midfielder
806,Adolfo Machado,1985-02-14,Panama,2011-06-01,Panama,Unknown,183,72,Defender
807,Eric Davis,1991-03-31,Panama,2011-06-01,Panama,Unknown,179,77,Defender
808,Felipe Baloy,1981-02-24,Panama,2001-05-01,Panama,Unknown,184,87,Defender
809,Fidel Escobar,1995-01-09,Panama,2015-01-01,Panama,Unknown,181,74,Defender
810,Harold Cummings,1992-03-01,Panama,2010-05-01,Panama,Unknown,180,84,Defender
811,Luis Ovalle,1988-09-07,Panama,2012-01-20,Panama,Unknown,177,71,Defender
812,Michael Murillo,1996-02-11,Panama,2015-01-01,Panama,Unknown,183,73,Defender
813,Roman Torres,1986-03-20,Panama,2005-07-01,Panama,Unknown,188,88,Defender
814,Abdiel Arroyo,1993-12-13,Panama,2014-10-01,Panama,Unknown,181,84,Forward
815,Blas Perez,1981-03-13,Panama,2001-01-01,Panama,7,175,79,Forward
816,Gabriel Torres,1988-10-31,Panama,2002-10-01,Panama,Unknown,179,78,Forward
817,Ismael Diaz,1997-05-12,Panama,2015-01-01,Panama,10,181,77,Forward
818,Luis Tejada,1982-03-28,Panama,2002-08-01,Panama,Unknown,185,82,Forward
819,Alex Rodriguez,1990-08-05,Panama,2012-06-01,Panama,Unknown,195,65,Goalkeeper
820,Jaime Penedo,1981-09-26,Panama,2003-06-01,Panama,1,186,79,Goalkeeper
821,Jose Calderon,1985-08-14,Panama,2005-10-01,Panama,Unknown,187,84,Goalkeeper
822,Anibal Godoy,1990-02-10,Panama,2011-06-01,Panama,Unknown,180,72,Midfielder
823,Armando Cooper,1987-11-26,Panama,2011-06-01,Panama,Unknown,182,71,Midfielder
824,Gabriel Gomez,1984-05-29,Panama,2004-06-01,Panama,Unknown,183,81,Midfielder
825,Jose Luis Rodriguez,1998-06-19,Panama,2020-06-12,Panama,Unknown,180,77,Midfielder
826,Ricardo Avila,1997-02-04,Panama,2017-11-07,Panama,Unknown,184,74,Midfielder
827,Valentin Pimentel,1991-05-30,Panama,2015-06-23,Panama,14,185,77,Midfielder
828,Edgar Yoel Barcenas,1993-10-23,Panama,2016-05-01,Panama,Unknown,175,75,Midfielder
