2,Harry Maguire,England,Defender
3,James Justin,England,Defender
4,John Stones,England,Defender
5,6,4,8
6,Kyle Walker,England,Defender
7,,,
9,Trent Alexander-Arnold,England,Defender
10,Harry Kane,England,Forward
11,Jarrod Bowen,England,Forward
12,Raheem Sterling,England,Forward
13,Tammy Abraham,England,Forward
14,Aaron Ramsdale,England,Goalkeeper
15,Jordan Pickford,England,Goalkeeper
16,Nick Pope,England,Goalkeeper
17,Bukayo Saka,England,Midfielder
18,Conor Gallagher,England,Midfielder
19,Declan Rice,England,Midfielder
20,Jack Grealish,England,Midfielder
21,James Ward-Prowse,England,Midfielder
22,Jude Bellingham,England,Midfielder
23,Kalvin Phillips,England,Midfielder
24,Mason Mount,England,Midfielder
25,Phil Foden,England,Midfielder
26,Antonio Ruediger,Germany,Defender
27,Benjamin Henrichs,Germany,Defender
28,David Raum,Germany,Defender
29,Jonathan Tah,Germany,Defender
30,Lukas Klostermann,Germany,Defender
31,Nico Schlotterbeck,Germany,Defender
32,Niklas Suele,Germany,Defender
33,Thilo Kehrer,Germany,Defender
34,Jamal Musiala,Germany,Forward
35,Karim Adeyemi,Germany,Forward
36,Leroy Sane,Germany,Forward
37,Lukas Nmecha,Germany,Forward
38,Serge Gnabry,Germany,Forward
39,Thomas Mueller,Germany,Forward
40,Timo Werner,Germany,Forward
41,Kevin Trapp,Germany,Goalkeeper
42,Manuel Neuer,Germany,Goalkeeper
43,Oliver Baumann,Germany,Goalkeeper
44,Anton Stach,Germany,Midfielder
45,Ilkay Guendogan,Germany,Midfielder
46,Jonas Hofmann,Germany,Midfielder
47,Joshua Kimmich,Germany,Midfielder
48,Julian Brandt,Germany,Midfielder
49,Kai Havertz,Germany,Midfielder
50,Leon Goretzka,Germany,Midfielder
51,Marco Reus,Germany,Midfielder
52,Cesar Azpilicueta,Spain,Defender
53,Daniel Carvajal,Spain,Defender
54,Diego Llorente,Spain,Defender
55,Eric Garcia,Spain,Defender
56,Inigo Martinez,Spain,Defender
57,Jordi Alba,Spain,Defender
58,Marcos Alonso,Spain,Defender
59,Pau Torres,Spain,Defender
60,Alvaro Morata,Spain,Forward
61,Anssumane Fati,Spain,Forward
62,Ferran Torres,Spain,Forward
63,Marco Asensio,Spain,Forward
64,Raul de Tomas,Spain,Forward
65,David Raya Martin,Spain,Goalkeeper
66,Robert Sanchez,Spain,Goalkeeper
68,Carlos Soler,Spain,Midfielder
69,Dani Olmo,Spain,Midfielder
70,Gavi,Spain,Midfielder
71,Koke,Spain,Midfielder
72,Marcos Llorente,Spain,Midfielder
73,Pablo Sarabia,Spain,Midfielder
74,Rodri,Spain,Midfielder
75,Sergio Busquets,Spain,Midfielder
77,Diogo Dalot,Portugal,Defender
78,Domingos Duarte,Portugal,Defender
79,Joao Cancelo,Portugal,Defender
81,Pepe,Portugal,Defender
82,Raphael Guerreiro,Portugal,Defender
83,Andre Silva,Portugal,Forward
84,Cristiano Ronaldo,Portugal,Forward
85,Diogo Jota,Portugal,Forward
86,Goncalo Guedes,Portugal,Forward
87,Rafael Leao,Portugal,Forward
88,Ricardo Horta,Portugal,Forward
89,Diogo Costa,Portugal,Goalkeeper
90,Rui Patricio,Portugal,Goalkeeper
91,Rui Silva,Portugal,Goalkeeper
92,Bernardo Silva,Portugal,Midfielder
93,Bruno Fernandes,Portugal,Midfielder
94,Danilo Pereira,Portugal,Midfielder
95,Joao Moutinho,Portugal,Midfielder
96,Joao Palhinha,Portugal,Midfielder
97,Matheus Nunes,Portugal,Midfielder
98,Otavio,Portugal,Midfielder
99,Ruben Neves,Portugal,Midfielder
100,f,f,f
101,William Carvalho,Portugal,Midfielder
102,Arthur Theate,Belgium,Defender
103,Brandon Mechele,Belgium,Defender
104,Dedryck Boyata,Belgium,Defender
105,Jan Vertonghen,Belgium,Defender
106,Jason Denayer,Belgium,Defender
107,Thomas Foket,Belgium,Defender
108,Thomas Meunier,Belgium,Defender
109,Timothy Castagne,Belgium,Defender
110,Toby Alderweireld,Belgium,Defender
111,Wout Faes,Belgium,Defender
112,Eden Hazard,Belgium,Forward
113,Leandro Trossard,Belgium,Forward
114,Lois Openda,Belgium,Forward
115,Michy Batshuayi,Belgium,Forward
116,Romelu Lukaku,Belgium,Forward
117,Koen Casteels,Belgium,Goalkeeper
118,Matz Sels,Belgium,Goalkeeper
119,Simon Mignolet,Belgium,Goalkeeper
120,Thibaut Courtois,Belgium,Goalkeeper
121,Adnan Januzaj,Belgium,Midfielder
122,Alexis Saelemaekers,Belgium,Midfielder
123,Amadou Mvom Onana,Belgium,Midfielder
124,Axel Witsel,Belgium,Midfielder
125,Charles De Ketelaere,Belgium,Midfielder
126,Dennis Praet,Belgium,Midfielder
127,Dries Mertens,Belgium,Midfielder
128,Hans Vanaken,Belgium,Midfielder
129,Leander Dendoncker,Belgium,Midfielder
130,Thorgan Hazard,Belgium,Midfielder
131,Yannick Carrasco,Belgium,Midfielder
132,Youri Tielemans,Belgium,Midfielder
133,Mikael Lustig,Sweden,Defender
134,Emil Krafth,Sweden,Defender
135,Filip Helander,Sweden,Defender
136,Ludwig Augustinsson,Sweden,Defender
137,Marcus Danielson,Sweden,Defender
138,Pierre Bengtsson,Sweden,Defender
139,Pontus Jansson,Sweden,Defender
140,Victor Lindeloef,Sweden,Defender
141,Alexander Isak,Sweden,Forward
142,Emil Forsberg,Sweden,Forward
143,Jordan Larsson,Sweden,Forward
144,Marcus Berg,Sweden,Forward
145,Robin Quaison,Sweden,Forward
146,Karl-Johan Johnsson,Sweden,Goalkeeper
147,Kristoffer Nordfeldt,Sweden,Goalkeeper
148,Robin Olsen,Sweden,Goalkeeper
149,Albin Ekdal,Sweden,Midfielder
150,Dejan Kulusevski,Sweden,Midfielder
151,Gustav Svensson,Sweden,Midfielder
152,Jens Cajuste,Sweden,Midfielder
153,Ken Sema,Sweden,Midfielder
154,Kristoffer Olsson,Sweden,Midfielder
155,Sebastian Larsson,Sweden,Midfielder
156,Viktor Claesson,Sweden,Midfielder
157,Aleksa Terzic,Serbia,Defender
158,Filip Mladenovic,Serbia,Defender
159,Matija Nastasic,Serbia,Defender
160,Mihailo Ristic,Serbia,Defender
161,Milos Veljkovic,Serbia,Defender
162,Nikola Milenkovic,Serbia,Defender
163,Stefan Mitrovic,Serbia,Defender
164,Strahinja Erakovic,Serbia,Defender
165,Strahinja Pavlovic,Serbia,Defender
166,Aleksandar Mitrovic,Serbia,Forward
167,Djordje Jovanovic,Serbia,Forward
168,Dusan Tadic,Serbia,Forward
169,Luka Jovic,Serbia,Forward
170,Marko Dmitrovic,Serbia,Goalkeeper
171,Marko Ilic,Serbia,Goalkeeper
172,Predrag Rajkovic,Serbia,Goalkeeper
173,Vanja Milinkovic-Savic,Serbia,Goalkeeper
174,Andrija Zivkovic,Serbia,Midfielder
175,Darko Lazovic,Serbia,Midfielder
176,Erhan Masovic,Serbia,Midfielder
177,Filip Djuricic,Serbia,Midfielder
178,Filip Kostic,Serbia,Midfielder
179,Ivan Ilic,Serbia,Midfielder
180,Marko Grujic,Serbia,Midfielder
181,Nemanja Gudelj,Serbia,Midfielder
182,Nemanja Maksimovic,Serbia,Midfielder
183,Nemanja Radonjic,Serbia,Midfielder
184,Sasa Lukic,Serbia,Midfielder
185,Sergej Milinkovic-Savic,Serbia,Midfielder
186,Uros Racic,Serbia,Midfielder
187,Benjamin Pavard,France,Defender
188,Ibrahima Konate,France,Defender
189,Jonathan Clauss,France,Defender
190,Jules Kounde,France,Defender
191,Lucas Digne,France,Defender
192,Presnel Kimpembe,France,Defender
193,Theo Hernandez,France,Defender
194,William Saliba,France,Defender
195,Antoine Griezmann,France,Forward
196,Christopher Nkunku,France,Forward
197,Karim Benzema,France,Forward
198,Kingsley Coman,France,Forward
199,Kylian Mbappe,France,Forward
200,Moussa Diaby,France,Forward
201,Wissam Ben Yedder,France,Forward
202,Alphonse Areola,France,Goalkeeper
203,Hugo Lloris,France,Goalkeeper
204,Mike Maignan,France,Goalkeeper
205,Adrien Rabiot,France,Midfielder
206,Aurelien Tchouameni,France,Midfielder
207,Boubacar Kamara,France,Midfielder
208,Matteo Guendouzi,France,Midfielder
209,Andreas Christensen,Denmark,Defender
210,Jannik Vestergaard,Denmark,Defender
211,Jens Stryger Larsen,Denmark,Defender
212,Joachim Andersen,Denmark,Defender
213,Joakim Maehle,Denmark,Defender
214,Nicolai Boilesen,Denmark,Defender
215,Rasmus Kristensen,Denmark,Defender
216,Victor Nelsson,Denmark,Defender
217,Andreas Cornelius,Denmark,Forward
218,Andreas Skov Olsen,Denmark,Forward
219,Jonas Wind,Denmark,Forward
220,Martin Braithwaite,Denmark,Forward
221,Robert Skov,Denmark,Forward
222,Yussuf Poulsen,Denmark,Forward
223,Daniel Iversen,Denmark,Goalkeeper
224,Kasper Schmeichel,Denmark,Goalkeeper
225,Peter Vindahl,Denmark,Goalkeeper
226,Christian Eriksen,Denmark,Midfielder
227,Daniel Wass,Denmark,Midfielder
228,Mathias Jensen,Denmark,Midfielder
229,Mikkel Damsgaard,Denmark,Midfielder
230,Morten Hjulmand,Denmark,Midfielder
231,Philip Billing,Denmark,Midfielder
232,Pierre-Emile Hojbjerg,Denmark,Midfielder
233,Thomas Delaney,Denmark,Midfielder
234,Eray Coemert,Switzerland,Defender
235,Fabian Schaer,Switzerland,Defender
236,Jordan Lotomba,Switzerland,Defender
237,Kevin Mbabu,Switzerland,Defender
238,Leonidas Stergiou,Switzerland,Defender
239,Manuel Akanji,Switzerland,Defender
240,Nico Elvedi,Switzerland,Defender
241,Ricardo Rodriguez,Switzerland,Defender
242,Silvan Widmer,Switzerland,Defender
243,Breel Embolo,Switzerland,Forward
244,Haris Seferovic,Switzerland,Forward
245,Mario Gavranovic,Switzerland,Forward
246,Mattia Bottani,Switzerland,Forward
247,Noah Okafor,Switzerland,Forward
248,Zeki Amdouni,Switzerland,Forward
249,Gregor Kobel,Switzerland,Goalkeeper
250,Jonas Omlin,Switzerland,Goalkeeper
251,Yann Sommer,Switzerland,Goalkeeper
252,Yvon Mvogo,Switzerland,Goalkeeper
253,Djibril Sow,Switzerland,Midfielder
254,Fabian Frei,Switzerland,Midfielder
255,Granit Xhaka,Switzerland,Midfielder
256,Michel Aebischer,Switzerland,Midfielder
257,Remo Freuler,Switzerland,Midfielder
258,Renato Steffen,Switzerland,Midfielder
259,Ruben Vargas,Switzerland,Midfielder
260,Steven Zuber,Switzerland,Midfielder
261,Xherdan Shaqiri,Switzerland,Midfielder
262,Ari Freyr Skulason,Iceland,Defender
263,Birkir Saevarsson,Iceland,Defender
264,Hoerdur Bjorgvin Magnusson,Iceland,Defender
265,Holmar Oern Eyjolfsson,Iceland,Defender
266,Kari Arnason,Iceland,Defender
267,Ragnar Sigurdsson,Iceland,Defender
268,Sverrir Ingi Ingason,Iceland,Defender
269,Albert Gudmundsson,Iceland,Forward
270,Alfred Finnbogason,Iceland,Forward
271,Bjoern Sigurdarson,Iceland,Forward
272,Jon Dadi Boedvarsson,Iceland,Forward
273,Frederik August Schram,Iceland,Goalkeeper
274,Hannes Thor Halldorsson,Iceland,Goalkeeper
275,Runar Runarsson,Iceland,Goalkeeper
276,Arnor Ingvi Traustason,Iceland,Midfielder
277,Aron Gunnarsson,Iceland,Midfielder
278,Birkir Bjarnason,Iceland,Midfielder
279,Emil Hallfredsson,Iceland,Midfielder
280,Gylfi Sigurdsson,Iceland,Midfielder
281,Johann Berg Gudmundsson,Iceland,Midfielder
282,Olafur Skulason,Iceland,Midfielder
283,Rurik Gislason,Iceland,Midfielder
284,Samuel Kari Fridjonsson,Iceland,Midfielder
285,Bartosz Bereszynski,Poland,Defender
286,Jakub Kiwior,Poland,Defender
287,Jan Bednarek,Poland,Defender
288,Kamil Glik,Poland,Defender
289,Kamil Pestka,Poland,Defender
290,Marcin Kaminski,Poland,Defender
291,Mateusz Wieteska,Poland,Defender
292,Matthew Cash,Poland,Defender
293,Robert Gumny,Poland,Defender
294,Tomasz Kedziora,Poland,Defender
295,Tymoteusz Puchacz,Poland,Defender
296,Adam Buksa,Poland,Forward
297,Arkadiusz Milik,Poland,Forward
298,Karol Swiderski,Poland,Forward
299,Krzysztof Piatek,Poland,Forward
300,Nicola Zalewski,Poland,Forward
301,Robert Lewandowski,Poland,Forward
302,Bartlomiej Dragowski,Poland,Goalkeeper
303,Kamil Grabara,Poland,Goalkeeper
304,Lukasz Skorupski,Poland,Goalkeeper
305,Wojciech Szczesny,Poland,Goalkeeper
306,Damian Szymanski,Poland,Midfielder
307,Grzegorz Krychowiak,Poland,Midfielder
308,Jacek Goralski,Poland,Midfielder
309,Jakub Kaminski,Poland,Midfielder
310,Kamil Grosicki,Poland,Midfielder
311,Kamil Jozwiak,Poland,Midfielder
312,Karol Linetty,Poland,Midfielder
313,Konrad Michalak,Poland,Midfielder
314,Krystian Bielik,Poland,Midfielder
315,Mateusz Klich,Poland,Midfielder
316,Patryk Kun,Poland,Midfielder
317,Piotr Zielinski,Poland,Midfielder
318,Przemyslaw Frankowski,Poland,Midfielder
319,Przemyslaw Placheta,Poland,Midfielder
320,Sebastian Szymanski,Poland,Midfielder
321,Szymon Zurkowski,Poland,Midfielder
322,Borna Barisic,Croatia,Defender
323,Borna Sosa,Croatia,Defender
324,Domagoj Vida,Croatia,Defender
325,Duje Caleta-Car,Croatia,Defender
326,Josip Juranovic,Croatia,Defender
327,Josip Stanisic,Croatia,Defender
328,Josip Sutalo,Croatia,Defender
329,Josko Gvardiol,Croatia,Defender
330,Marin Pongracic,Croatia,Defender
331,Martin Erlic,Croatia,Defender
332,Sime Vrsaljko,Croatia,Defender
333,Andrej Kramaric,Croatia,Forward
334,Ante Budimir,Croatia,Forward
335,Mislav Orsic,Croatia,Forward
336,Dominik Livakovic,Croatia,Goalkeeper
337,Ivica Ivusic,Croatia,Goalkeeper
338,Nediljko Labrovic,Croatia,Goalkeeper
339,Josip Brekalo,Croatia,Midfielder
340,Kristijan Jakic,Croatia,Midfielder
341,Lovro Majer,Croatia,Midfielder
342,Luka Ivanusec,Croatia,Midfielder
343,Luka Modric,Croatia,Midfielder
344,Luka Sucic,Croatia,Midfielder
345,Marcelo Brozovic,Croatia,Midfielder
346,Mario Pasalic,Croatia,Midfielder
347,Mateo Kovacic,Croatia,Midfielder
348,Nikola Vlasic,Croatia,Midfielder
349,Andrey Semenov,Russia,Defender
350,Fyodor Kudryashov,Russia,Defender
351,Giorgi Jikia,Russia,Defender
352,Igor Diveev,Russia,Defender
353,Mario Fernandes,Russia,Defender
354,Roman Evgeniev,Russia,Defender
355,Vyacheslav Karavaev,Russia,Defender
356,Alexander Sobolev,Russia,Forward
357,Anton Zabolotny,Russia,Forward
358,Artem Dzyuba,Russia,Forward
359,Rifat Zhemaletdinov,Russia,Forward
360,Anton Shunin,Russia,Goalkeeper
361,Matvey Safonov,Russia,Goalkeeper
362,Yuri Dyupin,Russia,Goalkeeper
363,Aleksandr Golovin,Russia,Midfielder
364,Aleksey Ionov,Russia,Midfielder
365,Aleksey Miranchuk,Russia,Midfielder
366,Daler Kuzyaev,Russia,Midfielder
367,Daniil Fomin,Russia,Midfielder
368,Denis Cheryshev,Russia,Midfielder
369,Denis Makarov,Russia,Midfielder
370,Dimitri Barinov,Russia,Midfielder
371,Magomed Ozdoev,Russia,Midfielder
372,Maksim Mukhin,Russia,Midfielder
373,Roman Zobnin,Russia,Midfielder
374,Aziz Behich,Australia,Defender
375,Bailey Wright,Australia,Defender
376,Fran Karacic,Australia,Defender
377,Jason Davidson,Australia,Defender
378,Joel King,Australia,Defender
379,Kye Rowles,Australia,Defender
380,Milos Degenek,Australia,Defender
381,Nathaniel Atkinson,Australia,Defender
382,Trent Sainsbury,Australia,Defender
383,Adam Taggart,Australia,Forward
384,Craig Goodwin,Australia,Forward
385,Jamie Maclaren,Australia,Forward
386,Marco Tilio,Australia,Forward
387,Martin Boyle,Australia,Forward
388,Mathew Leckie,Australia,Forward
389,Mitchell Duke,Australia,Forward
390,Nicholas D'Agostino,Australia,Forward
391,Andrew Redmayne,Australia,Goalkeeper
392,Danny Vukovic,Australia,Goalkeeper
393,Mat Ryan,Australia,Goalkeeper
394,Aaron Mooy,Australia,Midfielder
395,Ajdin Hrustic,Australia,Midfielder
396,Awer Mabil,Australia,Midfielder
397,Denis Genreau,Australia,Midfielder
398,Gianni Stensness,Australia,Midfielder
399,Jackson Irvine,Australia,Midfielder
400,Kenneth Dougall,Australia,Midfielder
401,Riley McGree,Australia,Midfielder
402,Alex Sandro,Brazil,Defender
403,Alex Telles,Brazil,Defender
404,Bremer,Brazil,Defender
405,Danilo,Brazil,Defender
406,Eder Militao,Brazil,Defender
407,Ibanez,Brazil,Defender
408,Marquinhos,Brazil,Defender
409,Thiago Silva,Brazil,Defender
410,Antony,Brazil,Forward
411,Matheus Cunha,Brazil,Forward
412,Neymar,Brazil,Forward
413,Pedro,Brazil,Forward
414,Raphinha,Brazil,Forward
415,Richarlison,Brazil,Forward
416,Roberto Firmino,Brazil,Forward
417,Rodrygo,Brazil,Forward
418,Vinicius Junior,Brazil,Forward
419,Alisson,Brazil,Goalkeeper
420,Ederson,Brazil,Goalkeeper
421,Weverton,Brazil,Goalkeeper
422,Bruno Guimaraes,Brazil,Midfielder
423,Casemiro,Brazil,Midfielder
424,Danilo,Brazil,Midfielder
425,Everton Ribeiro,Brazil,Midfielder
426,Fabinho,Brazil,Midfielder
427,Fred,Brazil,Midfielder
428,Lucas Paqueta,Brazil,Midfielder
429,Cristian Romero,Argentina,Defender
430,German Pezzella,Argentina,Defender
431,Gonzalo Montiel,Argentina,Defender
432,Juan Foyth,Argentina,Defender
433,Lisandro Martinez,Argentina,Defender
434,Marcos Acuna,Argentina,Defender
435,Marcos Senesi,Argentina,Defender
436,Nahuel Molina,Argentina,Defender
437,Nehuen Perez,Argentina,Defender
438,Nicolas Otamendi,Argentina,Defender
439,Nicolas Tagliafico,Argentina,Defender
440,Angel Correa,Argentina,Forward
441,Joaquin Correa,Argentina,Forward
442,Julian Alvarez,Argentina,Forward
443,Lautaro Martinez,Argentina,Forward
444,Lionel Messi,Argentina,Forward
445,Nicolas Gonzalez,Argentina,Forward
446,Paulo Dybala,Argentina,Forward
447,Emiliano Martinez,Argentina,Goalkeeper
448,Franco Armani,Argentina,Goalkeeper
449,Geronimo Rulli,Argentina,Goalkeeper
450,Juan Musso,Argentina,Goalkeeper
451,Alexis Mac Allister,Argentina,Midfielder
452,Angel Di Maria,Argentina,Midfielder
453,Exequiel Palacios,Argentina,Midfielder
454,Giovani Lo Celso,Argentina,Midfielder
455,Guido Rodriguez,Argentina,Midfielder
456,Alejandro Gomez,Argentina,Midfielder
457,Rodrigo de Paul,Argentina,Midfielder
458,Cesar Montes,Mexico,Defender
459,Emilio Lara,Mexico,Defender
460,Israel Reyes,Mexico,Defender
461,Jesus Angulo,Mexico,Defender
462,Kevin Alvarez,Mexico,Defender
463,Luis Reyes,Mexico,Defender
464,Alexis Vega,Mexico,Forward
465,Angel Zaldivar,Mexico,Forward
466,Eduardo Aguirre,Mexico,Forward
467,Erick Sanchez,Mexico,Forward
468,Roberto Alvarado,Mexico,Forward
469,Uriel Antuna,Mexico,Forward
470,Carlos Acevedo,Mexico,Goalkeeper
471,Luis Malagon,Mexico,Goalkeeper
472,Carlos Rodriguez,Mexico,Midfielder
473,Fernando Beltran,Mexico,Midfielder
474,Jesus Gallardo,Mexico,Midfielder
475,Luis Chavez,Mexico,Midfielder
476,Luis Romo,Mexico,Midfielder
477,Rodolfo Pizarro,Mexico,Midfielder
478,Cristian Zapata,Colombia,Defender
479,Davinson Sanchez,Colombia,Defender
480,Farid Diaz,Colombia,Defender
481,Johan Mojica,Colombia,Defender
482,Oscar Murillo,Colombia,Defender
483,Santiago Arias,Colombia,Defender
484,Yerry Mina,Colombia,Defender
485,Carlos Bacca,Colombia,Forward
486,Jose Izquierdo,Colombia,Forward
487,Luis Muriel,Colombia,Forward
488,Miguel Borja,Colombia,Forward
489,Falcao,Colombia,Forward
490,Camilo Vargas,Colombia,Goalkeeper
491,David Ospina,Colombia,Goalkeeper
492,Jose Cuadrado,Colombia,Goalkeeper
493,Abel Aguilar,Colombia,Midfielder
494,Carlos Sanchez,Colombia,Midfielder
495,James Rodriguez,Colombia,Midfielder
496,Jefferson Lerma,Colombia,Midfielder
497,Juan Cuadrado,Colombia,Midfielder
498,Juan Quintero,Colombia,Midfielder
499,Andres Uribe,Colombia,Midfielder
500,Wilmar Barrios,Colombia,Midfielder
501,Alberto Rodriguez,Peru,Defender
502,Aldo Corzo,Peru,Defender
503,Christian Ramos,Peru,Defender
504,Luis Advincula,Peru,Defender
505,Miguel Araujo,Peru,Defender
506,Miguel Trauco,Peru,Defender
507,Nilson Loyola,Peru,Defender
508,Yoshimar Yotun,Peru,Defender
509,Andre Carrillo,Peru,Forward
510,Andy Polo,Peru,Forward
511,Paolo Guerrero,Peru,Forward
512,Raul Ruidiaz,Peru,Forward
513,Carlos Caceda,Peru,Goalkeeper
514,Jose Carvallo,Peru,Goalkeeper
515,Pedro Gallese,Peru,Goalkeeper
516,Anderson Santamaria,Peru,Midfielder
517,Christian Cueva,Peru,Midfielder
518,Edison Flores,Peru,Midfielder
519,Jefferson Farfan,Peru,Midfielder
520,Paolo Hurtado,Peru,Midfielder
521,Pedro Aquino,Peru,Midfielder
522,Renato Tapia,Peru,Midfielder
523,Wilder Cartagena,Peru,Midfielder
524,Alan Matturro,Uruguay,Defender
525,Damian Suarez,Uruguay,Defender
526,Diego Godin,Uruguay,Defender
527,Guillermo Varela,Uruguay,Defender
528,Jose Gimenez,Uruguay,Defender
529,Martin Caceres,Uruguay,Defender
530,Mathias Olivera,Uruguay,Defender
531,Matias Vina,Uruguay,Defender
532,Ronald Araujo,Uruguay,Defender
533,Sebastian Coates,Uruguay,Defender
534,Agustin Canobbio,Uruguay,Forward
535,Darwin Nunez,Uruguay,Forward
536,Diego Rossi,Uruguay,Forward
537,Edinson Cavani,Uruguay,Forward
538,Maxi Gomez,Uruguay,Forward
539,Fernando Muslera,Uruguay,Goalkeeper
540,Sebastian Sosa,Uruguay,Goalkeeper
541,Sergio Rochet,Uruguay,Goalkeeper
542,Augusto Scarone,Uruguay,Midfielder
543,Facundo Pellistri,Uruguay,Midfielder
544,Federico Valverde,Uruguay,Midfielder
545,Fernando Gorriaran,Uruguay,Midfielder
546,Giorgian de Arrascaeta,Uruguay,Midfielder
547,Lucas Torreira,Uruguay,Midfielder
548,Manuel Ugarte,Uruguay,Midfielder
549,Matias Vecino,Uruguay,Midfielder
550,Mauro Arambarri,Uruguay,Midfielder
551,Nicolas De La Cruz,Uruguay,Midfielder
552,Bryan Oviedo,Costa Rica,Defender
553,Carlos Martinez,Costa Rica,Defender
554,Carlos Mora,Costa Rica,Defender
555,Francisco Calvo,Costa Rica,Defender
556,Ian Lawrence,Costa Rica,Defender
557,Juan Pablo Vargas,Costa Rica,Defender
558,Kendall Waston,Costa Rica,Defender
559,Keysher Fuller,Costa Rica,Defender
560,Orlando Galo,Costa Rica,Defender
561,Oscar Duarte,Costa Rica,Defender
562,Anthony Contreras,Costa Rica,Forward
563,Bryan Ruiz,Costa Rica,Forward
564,Jewison Bennette,Costa Rica,Forward
565,Joel Campbell,Costa Rica,Forward
566,Aaron Cruz,Costa Rica,Goalkeeper
567,Keylor Navas,Costa Rica,Goalkeeper
568,Leonel Moreira,Costa Rica,Goalkeeper
569,Brandon Aguilera,Costa Rica,Midfielder
570,Celso Borges,Costa Rica,Midfielder
571,Daniel Chacon,Costa Rica,Midfielder
572,Gerson Torres,Costa Rica,Midfielder
573,Johan Venegas,Costa Rica,Midfielder
574,Yeltsin Tejeda,Costa Rica,Midfielder
575,Hong Chul,Korea Republic,Defender
576,Kim Jin-Su,Korea Republic,Defender
577,Kim Ju-Sung,Korea Republic,Defender
578,Kim Moon-Hwan,Korea Republic,Defender
579,Kim Young-Gwon,Korea Republic,Defender
580,Kwon Kyung-Won,Korea Republic,Defender
581,Lee Jae-Ik,Korea Republic,Defender
582,Park Ji-Soo,Korea Republic,Defender
583,Yoon Jong-Gyu,Korea Republic,Defender
584,Cho Gue-Sung,Korea Republic,Forward
585,Cho Young-Wook,Korea Republic,Forward
586,Kang Seong-Jin,Korea Republic,Forward
587,Song Min-Kyu,Korea Republic,Forward
588,Cho Hyun-Woo,Korea Republic,Goalkeeper
589,Kim Dong-Jun,Korea Republic,Goalkeeper
590,Song Bum-Keun,Korea Republic,Goalkeeper
591,Cho Yu-Min,Korea Republic,Midfielder
592,Goh Young-Jun,Korea Republic,Midfielder
593,Hwang In-Beom,Korea Republic,Midfielder
594,Kim Dong-Hyun,Korea Republic,Midfielder
595,Kim Jin-Kyu,Korea Republic,Midfielder
596,Kwon Chang-Hoon,Korea Republic,Midfielder
597,Lee Gi-Hyuk,Korea Republic,Midfielder
598,Lee Yeong-Jae,Korea Republic,Midfielder
599,Na Sang-Ho,Korea Republic,Midfielder
600,Paik Seung-Ho,Korea Republic,Midfielder
601,Um Won-Sang,Korea Republic,Midfielder
602,Abolfazl Jalali,Iran,Defender
603,Aref Aghasi,Iran,Defender
604,Aref Gholami,Iran,Defender
605,Armin Sohrabian,Iran,Defender
606,Majid Hosseini,Iran,Defender
607,Omid Noorafkan,Iran,Defender
608,Sadegh Moharrami,Iran,Defender
609,Saleh Hardani,Iran,Defender
610,Ali Alipour,Iran,Forward
611,Allahyar Sayyad,Iran,Forward
612,Amirhossein Hosseinzadeh,Iran,Forward
613,Mehdi Taremi,Iran,Forward
614,Saeid Sadeghi,Iran,Forward
615,Sardar Azmoun,Iran,Forward
616,Alireza Beiranvand,Iran,Goalkeeper
617,Amir Abedzadeh,Iran,Goalkeeper
618,Payam Niazmand,Iran,Goalkeeper
619,Seyed Hossein Hosseini,Iran,Goalkeeper
620,Ahmad Noorollahi,Iran,Midfielder
621,Ali Gholizadeh,Iran,Midfielder
622,Alireza Jahanbakhsh,Iran,Midfielder
623,Ehsan Haji Safi,Iran,Midfielder
624,Mehdi Mehdipour,Iran,Midfielder
625,Mehdi Shiri,Iran,Midfielder
626,Mehdi Torabi,Iran,Midfielder
627,Milad Sarlak,Iran,Midfielder
628,Omid Ebrahimi,Iran,Midfielder
629,Saeid Ezatolahi,Iran,Midfielder
630,Seyed Mehdi Hosseini,Iran,Midfielder
631,Soroush Rafiei,Iran,Midfielder
632,Achraf Dari,Morocco,Defender
633,Achraf Hakimi,Morocco,Defender
634,Adam Masina,Morocco,Defender
635,Jawad El Yamiq,Morocco,Defender
636,Mohamed Chibi,Morocco,Defender
637,Nayef Aguerd,Morocco,Defender
638,Noussair Mazraoui,Morocco,Defender
639,Samy Mmaee,Morocco,Defender
640,Sofian Chakla,Morocco,Defender
641,Sofiane Alakouch,Morocco,Defender
642,Yahia Attiyat Allah,Morocco,Defender
643,Ayoub El Kaabi,Morocco,Forward
644,Munir El Haddadi,Morocco,Forward
645,Soufiane Rahimi,Morocco,Forward
646,Tarik Tissoudali,Morocco,Forward
647,Youssef En-Nesyri,Morocco,Forward
648,Zakaria Aboukhlal,Morocco,Forward
649,Anas Zniti,Morocco,Goalkeeper
650,Bono,Morocco,Goalkeeper
651,Munir Mohamedi,Morocco,Goalkeeper
652,Adel Taarabt,Morocco,Midfielder
653,Amine Harit,Morocco,Midfielder
654,Aymen Barkok,Morocco,Midfielder
655,Azz-Eddine Ounahi,Morocco,Midfielder
656,Faycal Fajr,Morocco,Midfielder
657,Ilias Chair,Morocco,Midfielder
658,Romain Saiss,Morocco,Midfielder
659,Selim Amallah,Morocco,Midfielder
660,Sofyan Amrabat,Morocco,Midfielder
661,Yahya Jabrane,Morocco,Midfielder
662,Abdullahi Shehu,Nigeria,Defender
663,Brian Idowu,Nigeria,Defender
664,Chidozie Awaziem,Nigeria,Defender
665,Elderson Echiejile,Nigeria,Defender
666,Kenneth Omeruo,Nigeria,Defender
667,Leon Balogun,Nigeria,Defender
668,Tyronne Ebuehi,Nigeria,Defender
669,Victor Moses,Nigeria,Defender
670,William Troost-Ekong,Nigeria,Defender
671,Ahmed Musa,Nigeria,Forward
672,Alex Iwobi,Nigeria,Forward
673,Kelechi Iheanacho,Nigeria,Forward
674,Odion Ighalo,Nigeria,Forward
675,Simy,Nigeria,Forward
676,Daniel Akpeyi,Nigeria,Goalkeeper
677,Francis Uzoho,Nigeria,Goalkeeper
678,Ikechukwu Ezenwa,Nigeria,Goalkeeper
679,Joel Obi,Nigeria,Midfielder
680,John Obi Mikel,Nigeria,Midfielder
681,Johan Ogu,Nigeria,Midfielder
682,Ogenyi Onazi,Nigeria,Midfielder
683,Oghenekaro Etebo,Nigeria,Midfielder
684,Wilfred Ndidi,Nigeria,Midfielder
685,Alaa Ghram,Tunisia,Defender
686,Ali El Abdi,Tunisia,Defender
687,Ali Maaloul,Tunisia,Defender
688,Bilel Ifa,Tunisia,Defender
689,Mohamed Draeger,Tunisia,Defender
690,Montassar Talbi,Tunisia,Defender
691,Rami Kaib,Tunisia,Defender
692,Issam Jebali,Tunisia,Forward
693,Seifeddine Jaziri,Tunisia,Forward
694,Taha Khenissi,Tunisia,Forward
695,Youssef Msakni,Tunisia,Forward
696,Aymen Dahmen,Tunisia,Goalkeeper
697,Bechir Ben Said,Tunisia,Goalkeeper
698,Sedki Debchi,Tunisia,Goalkeeper
699,Adam Ben Lamin,Tunisia,Midfielder
700,Aissa Bilal Laidouni,Tunisia,Midfielder
701,Anis Ben Slimane,Tunisia,Midfielder
702,Ferjani Sassi,Tunisia,Midfielder
703,Firas Ben Alarbi,Tunisia,Midfielder
704,Hannibal Mejbri,Tunisia,Midfielder
705,Mohamed Ali Ben Romdhane,Tunisia,Midfielder
706,Mootez Zaddem,Tunisia,Midfielder
707,Nader Ghandri,Tunisia,Midfielder
708,Naim Sliti,Tunisia,Midfielder
709,Ahmed El Mohamady,Egypt,Defender
710,Ahmed Fathy,Egypt,Defender
711,Ahmed Hegazi,Egypt,Defender
712,Ali Gabr,Egypt,Defender
713,Ayman Ashraf,Egypt,Defender
714,Mahmoud Hamdi,Egypt,Defender
715,Mohamed Shafy,Egypt,Defender
716,Omar Gaber,Egypt,Defender
717,Saad Samir,Egypt,Defender
718,Kahraba,Egypt,Forward
719,Marwan Mohsen,Egypt,Forward
720,Mohamed Salah,Egypt,Forward
721,Essam El Hadary,Egypt,Goalkeeper
722,Mohamed El-Shenawy,Egypt,Goalkeeper
723,Sherif Ekramy,Egypt,Goalkeeper
724,Abdallah El Said,Egypt,Midfielder
725,Amr Warda,Egypt,Midfielder
726,Mohamed Elneny,Egypt,Midfielder
727,Ramadan Sobhi,Egypt,Midfielder
728,Sam Morsy,Egypt,Midfielder
729,Shikabala,Egypt,Midfielder
730,Tarek Hamed,Egypt,Midfielder
731,Trezeguet,Egypt,Midfielder
732,Abdoulaye Diedhiou,Senegal,Defender
733,Amadou Ndiaye,Senegal,Defender
734,Cheikhou Ndiaye,Senegal,Defender
735,El Hadji Balde,Senegal,Defender
736,Malickou Ndoye,Senegal,Defender
737,Melo Ndiaye,Senegal,Defender
738,Bouly Junior Sambou,Senegal,Forward
739,Elhadj Mane,Senegal,Forward
740,Jean Remi Bocande,Senegal,Forward
741,Paul Valere Bassene,Senegal,Forward
742,Alioune Badara Faty,Senegal,Goalkeeper
743,Landing Badji,Senegal,Goalkeeper
744,Pape Abdoulaye Dieng,Senegal,Goalkeeper
745,Alassane Faye,Senegal,Midfielder
746,Alassane Maodo Kante,Senegal,Midfielder
747,El Hadji Latyr Ndiaye,Senegal,Midfielder
748,Etane Tendeng,Senegal,Midfielder
749,Jean Louis Barthelemy Diouf,Senegal,Midfielder
750,Lamine Camara,Senegal,Midfielder
751,Lamine Diadhiou,Senegal,Midfielder
752,Moussa Ndiaye,Senegal,Midfielder
753,Ngagne Fall,Senegal,Midfielder
754,Ousmane Sow,Senegal,Midfielder
755,Abdulelah Al Amri,Saudi Arabia,Defender
756,Ali Albulayhi,Saudi Arabia,Defender
757,Ali Lajami,Saudi Arabia,Defender
758,Hassan Al Tambakti,Saudi Arabia,Defender
759,Mohammed Al-Burayk,Saudi Arabia,Defender
760,Sultan Al-Ghannam,Saudi Arabia,Defender
761,Yasir Al Shahrani,Saudi Arabia,Defender
762,Ziyad Al Sahafi,Saudi Arabia,Defender
763,Abdullah Al Hamdan,Saudi Arabia,Forward
764,Abdulrahman Al Obud,Saudi Arabia,Forward
765,Abdulrahman Ghareeb,Saudi Arabia,Forward
766,Firas Al Brikan,Saudi Arabia,Forward
767,Fawaz Al-Qarni,Saudi Arabia,Goalkeeper
768,Mohammed Al Owais,Saudi Arabia,Goalkeeper
769,Mohammed Al Rubaie,Saudi Arabia,Goalkeeper
770,Abdulaziz Al Bishi,Saudi Arabia,Midfielder
771,Abdullah Ateef,Saudi Arabia,Midfielder
772,Ali Al Hassan,Saudi Arabia,Midfielder
773,Hattan Bahebri,Saudi Arabia,Midfielder
774,Khalid Al Ghannam,Saudi Arabia,Midfielder
775,Mohammed Kanno,Saudi Arabia,Midfielder
776,Nasser Al Dawsari,Saudi Arabia,Midfielder
777,Salem Al Dawsari,Saudi Arabia,Midfielder
778,Salman Al Faraj,Saudi Arabia,Midfielder
779,Sami Al Najei,Saudi Arabia,Midfielder
780,Daiki Sugioka,Japan,Defender
781,Hayato Araki,Japan,Defender
782,Miki Yamane,Japan,Defender
783,Ryuta Koike,Japan,Defender
784,Shinnosuke Hatanaka,Japan,Defender
785,Shinnosuke Nakatani,Japan,Defender
786,Sho Sasaki,Japan,Defender
787,Shogo Taniguchi,Japan,Defender
788,Takuma Ominami,Japan,Defender
789,Tomoki Iwata,Japan,Defender
790,Makoto Mitsuta,Japan,Forward
791,Mao Hosoya,Japan,Forward
792,Ryo Miyaichi,Japan,Forward
793,Shuto Machino,Japan,Forward
794,Takuma Nishimura,Japan,Forward
795,Yuki Soma,Japan,Forward
796,Yuto Iwasaki,Japan,Forward
797,Keisuke Osako,Japan,Goalkeeper
798,Kosei Tani,Japan,Goalkeeper
799,Zion Suzuki,Japan,Goalkeeper
800,Gakuto Notsuda,Japan,Midfielder
801,Joel Fujita,Japan,Midfielder
802,Kento Hashimoto,Japan,Midfielder
803,Kota Mizunuma,Japan,Midfielder
804,Tsukasa Morishima,Japan,Midfielder
805,Yasuto Wakizaka,Japan,Midfielder
806,Adolfo Machado,Panama,Defender
807,Eric Davis,Panama,Defender
808,Felipe Baloy,Panama,Defender
809,Fidel Escobar,Panama,Defender
810,Harold Cummings,Panama,Defender
811,Luis Ovalle,Panama,Defender
812,Michael Murillo,Panama,Defender
813,Roman Torres,Panama,Defender
814,Abdiel Arroyo,Panama,Forward
815,Blas Perez,Panama,Forward
816,Gabriel Torres,Panama,Forward
817,Ismael Diaz,Panama,Forward
818,Luis Tejada,Panama,Forward
819,Alex Rodriguez,Panama,Goalkeeper
820,Jaime Penedo,Panama,Goalkeeper
821,Jose Calderon,Panama,Goalkeeper
822,Anibal Godoy,Panama,Midfielder
823,Armando Cooper,Panama,Midfielder
824,Gabriel Gomez,Panama,Midfielder
825,Jose Luis Rodriguez,Panama,Midfielder
826,Ricardo Avila,Panama,Midfielder
827,Valentin Pimentel,Panama,Midfielder
828,Edgar Yoel Barcenas,Panama,Midfielder
830,g,g,g
